3.392,0.10
4.805,-0.11
4.946,-0.22
5.193,-0.28
5.441,-0.31
5.865,-0.46
6.006,-0.56
7.458,-0.71
7.584,-0.78
7.710,-0.73
7.857,-0.50
8.027,0.04
8.311,-0.72
8.541,-0.19
8.656,-0.57
8.770,-0.58
8.885,-0.72
9.000,-1.42
9.423,-0.02
9.953,0.16
10.482,0.13
11.012,0.40
11.541,1.12
12.071,1.35
12.600,1.28
13.130,0.88
13.659,1.69
14.189,2.27
14.718,2.45
15.248,2.61
15.777,2.14
17.366,2.40
17.895,2.63
18.425,2.76
18.954,2.73
19.484,3.51
20.013,3.40
20.543,3.25
21.072,3.36
21.602,3.26
22.131,3.00
23.190,2.86
23.720,3.30
24.249,1.96
24.779,2.94
25.308,3.15
25.933,3.53
27.183,2.72
28.433,1.58
28.768,1.03
30.777,2.76
31.279,2.79
31.781,3.02
32.283,2.50
32.785,2.63
33.288,2.43
33.790,2.65
35.799,2.28
36.301,1.48
36.803,1.89
37.305,2.38
38.242,1.77
38.676,1.73
39.544,2.03
39.978,1.28
40.412,1.73
40.879,2.06
42.747,0.86
43.214,1.59
43.680,1.94
46.015,1.74
47.977,1.25
52.000,0.31
52.966,0.42
53.449,1.06
54.898,1.70
55.381,1.12
55.932,1.04
56.483,1.05
57.035,1.25
57.586,0.79
58.137,1.41
58.688,1.56
59.239,1.74
59.790,1.89
60.342,1.83
60.893,1.67
61.444,1.53
62.546,1.65
63.097,2.08
63.649,1.85
64.200,2.33
66.413,1.85
71.082,2.07
71.725,2.46
73.251,2.24
78.000,0.71
78.255,1.15
78.510,1.11
78.764,1.19
79.019,0.97
79.274,1.02
79.552,0.74
79.830,1.26
80.108,0.74
80.386,0.34
80.664,-0.39
80.966,-0.99
81.294,-1.21
81.622,-1.69
81.949,-0.60
82.291,-0.72
83.657,-0.65
84.000,-0.29
84.454,1.40
84.902,1.14
85.349,1.64
85.796,1.24
86.243,1.24
86.690,1.21
87.138,1.50
87.585,1.31
88.032,1.57
88.479,1.19
88.926,1.22
89.373,1.25
89.820,1.06
90.267,1.47
94.146,0.90
94.667,1.09
94.993,0.79
95.145,0.27
95.297,0.30
95.327,1.54
95.449,0.09
95.821,-0.40
97.240,-0.28
97.713,-0.32
98.186,0.43
99.000,1.66
99.014,-0.03
99.425,0.20
99.430,1.00
99.860,1.05
100.247,-0.79
100.290,0.96
100.658,-0.04
101.069,0.83
101.480,0.70
101.891,0.94
102.302,0.93
102.712,0.50
103.123,-0.46
103.534,0.62
103.945,-0.01
104.057,0.59
104.356,0.68
104.767,0.42
105.178,0.79
106.000,1.15
106.907,0.59
107.587,-0.96
107.746,-0.24
108.308,1.32
108.448,1.08
112.249,0.69
113.121,0.60
113.999,0.63
115.838,-0.06
118.867,-0.15
119.000,-0.99
119.383,-0.31
119.766,-0.10
120.150,0.02
120.916,0.20
121.299,-0.11
122.065,-0.14
122.448,-0.31
122.658,-0.72
122.822,-0.11
122.987,-0.09
123.316,-1.24
123.645,-1.41
123.842,-0.82
124.040,-0.30
124.237,-0.29
124.434,-0.87
124.632,-0.57
124.829,-0.33
125.026,-1.47
125.224,-0.91
125.619,-1.09
125.816,-0.51
126.013,-1.26
126.211,-0.88
126.605,-2.11
126.803,-2.24
127.000,-1.93
127.197,-0.93
127.395,-1.48
127.592,-2.34
127.789,-1.86
127.987,-0.33
130.000,-0.77
130.239,0.77
130.380,1.75
130.663,-0.05
130.805,0.74
131.087,0.14
131.229,-0.33
131.398,0.18
131.682,-0.41
131.966,0.55
132.251,0.02
132.819,0.36
133.387,-0.42
133.672,0.48
133.956,0.42
134.240,0.37
134.525,0.59
134.809,0.75
135.093,0.89
135.377,0.69
135.662,1.29
136.478,1.01
136.799,1.94
137.039,2.88
137.361,2.15
137.637,2.37
137.913,2.28
137.000,1.77
137.270,2.16
137.540,1.87
137.810,2.28
138.349,2.68
138.889,2.07
139.969,2.20
143.207,2.17
143.747,2.25
144.286,2.38
145.366,1.25
145.905,-0.18
146.445,1.47
150.016,0.70
152.005,-0.51
152.337,-0.55
153.000,-1.81
155.220,2.36
156.023,-0.54
159.235,-0.41
159.770,-0.01
160.038,0.05
160.573,-0.49
160.841,-0.01
161.911,-0.79
162.179,-0.25
162.447,-0.72
162.714,-0.36
162.987,-0.88
163.577,1.61
165.051,1.76
166.231,1.74
168.000,2.22
168.411,1.47
168.822,0.46
169.643,0.41
170.054,0.28
171.004,1.28
171.522,0.09
182.238,1.05
182.624,1.36
183.000,1.40
188.971,-0.14
189.176,-0.45
189.382,0.86
189.588,1.17
189.794,0.70
190.000,1.31
192.087,-0.20
192.783,-1.90
193.130,-1.57
193.478,-1.65
197.652,0.07
198.000,0.58
199.714,1.26
206.571,0.83
210.000,0.45
210.600,0.33
211.200,-0.44
211.800,-0.70
212.400,-0.88
213.000,-0.84
213.600,-1.16
214.200,-1.53
214.800,0.24
220.200,-0.85
221.400,-0.51
222.000,0.18
222.778,0.19
231.000,1.78
232.560,0.76
233.079,0.07
233.599,0.34
237.000,-0.87
237.571,-0.53
238.142,-0.56
238.661,-1.01
239.703,-0.62
240.223,-1.01
240.742,-1.46
241.262,-1.13
241.781,-1.42
242.361,-0.39
243.000,0.51
243.796,0.18
244.595,0.47
245.391,1.04
246.186,1.10
246.982,1.07
247.692,0.88
249.088,0.86
249.784,0.94
250.481,1.68
251.180,1.88
251.877,1.44
253.273,1.55
253.969,1.37
254.665,1.30
255.365,1.31
256.061,1.17
256.757,0.82
257.453,0.81
258.153,0.96
258.771,1.64
259.336,1.19
259.901,1.32
260.465,0.99
261.030,1.06
261.595,1.29
262.160,1.06
262.749,1.38
263.410,0.53
264.071,1.13
264.731,1.91
265.392,1.99
271.750,1.87
272.379,2.24
273.011,2.04
273.644,2.33
274.276,2.24
274.908,1.79
276.169,2.18
274.000,1.96
275.113,2.27
276.226,1.89
277.344,1.56
278.457,1.33
279.575,1.05
280.644,0.89
281.674,1.06
282.699,0.73
283.730,0.53
284.755,1.14
285.785,0.37
286.827,0.76
288.000,0.56
288.539,-0.32
289.079,0.23
289.620,0.95
290.160,0.19
290.651,0.60
291.089,1.35
291.528,1.29
291.966,0.59
292.405,1.25
293.282,0.54
293.720,0.37
294.159,0.87
294.597,0.55
295.061,0.84
295.550,0.69
296.036,0.90
296.525,1.27
297.503,1.42
297.992,0.76
298.480,1.56
298.969,1.15
299.458,0.07
299.947,1.02
300.436,0.59
300.925,0.90
301.149,1.11
302.391,1.50
302.661,0.80
302.880,0.93
303.165,0.52
303.369,0.87
303.669,0.77
303.858,-0.07
304.173,0.42
304.347,0.40
304.677,0.53
304.778,0.14
305.181,0.38
305.587,1.23
305.990,1.55
306.396,1.71
306.693,1.19
306.801,1.07
307.197,1.07
307.205,0.96
307.701,0.95
307.779,0.94
308.477,0.26
308.709,0.71
309.213,0.18
309.717,0.52
309.871,0.33
310.221,0.04
310.569,-0.32
310.725,0.51
311.229,-0.03
311.264,0.31
311.733,-0.52
312.131,-0.94
312.237,-0.78
312.741,-0.41
313.116,-0.31
313.245,-0.73
313.749,-0.33
314.104,-0.35
314.253,-0.29
314.757,0.62
315.089,-0.25
315.261,-0.19
315.765,1.44
316.077,0.74
316.773,1.25
316.803,1.14
317.277,1.39
317.496,1.18
318.186,0.85
318.789,1.13
318.877,0.81
319.293,0.78
319.633,0.20
319.797,0.51
320.301,0.58
320.434,0.38
320.921,0.37
321.364,0.57
321.810,0.46
322.254,0.46
322.317,-0.35
322.697,-0.03
322.821,-0.15
323.143,-0.12
323.325,-0.14
323.587,-0.38
323.829,-0.66
324.000,-0.76
324.687,-0.68
325.374,-0.63
325.728,-0.59
326.061,-0.78
326.748,-0.22
326.768,-0.71
327.429,-0.84
327.809,-0.78
328.116,-0.97
328.803,-0.72
329.490,-0.97
330.177,-1.22
331.119,-1.17
332.092,-1.64
333.070,-1.52
334.049,-1.35
336.000,-0.76
336.199,-0.24
336.400,-1.55
336.600,-0.58
336.800,-0.51
337.000,-1.24
337.199,-1.31
337.800,0.58
338.000,1.01
342.384,1.95
342.885,2.05
343.386,1.66
343.887,1.89
344.388,1.74
344.889,1.29
345.390,0.91
345.891,1.03
346.392,1.33
347.395,1.65
347.896,1.81
348.397,1.61
349.399,2.02
349.900,1.73
350.401,1.76
350.902,1.91
351.904,1.47
352.405,1.62
353.407,2.14
354.409,1.81
354.910,2.05
355.411,1.28
355.912,1.48
356.413,1.62
356.914,0.85
357.415,1.07
357.916,1.48
358.418,1.46
358.919,1.42
359.420,0.99
359.921,1.26
360.422,1.03
360.923,1.19
361.424,1.30
361.925,0.75
362.426,0.81
362.927,0.84
363.428,0.40
363.929,0.64
364.430,0.83
364.931,0.05
365.933,1.17
366.434,1.54
366.935,1.58
367.436,1.68
368.939,1.58
369.441,1.60
369.942,1.05
370.443,1.06
370.944,1.13
371.445,1.24
371.946,0.71
372.447,0.48
372.948,0.88
373.449,0.24
373.950,0.43
374.451,-0.04
374.952,0.91
375.453,1.10
375.954,0.28
376.455,0.60
376.956,-0.48
377.457,-0.62
377.958,-0.58
378.459,-0.14
378.960,1.58
379.461,1.32
380.463,0.23
392.489,-0.33
393.491,-0.38
393.992,-0.51
394.493,-0.39
394.994,-0.45
395.495,-0.36
395.996,-0.46
396.497,-0.63
396.998,-0.14
397.499,-0.78
398.000,-0.63
400.000,-1.02
402.000,0.71
402.700,-0.01
404.100,-0.10
404.800,0.04
405.500,-0.31
406.200,-0.71
414.600,0.21
416.000,0.39
417.143,0.07
418.286,-0.08
419.429,0.01
424.000,0.29
435.429,0.27
436.571,0.26
437.714,-0.37
438.857,-0.49
440.000,1.22
440.656,-0.84
441.311,-0.85
441.967,-0.80
442.623,-0.05
443.279,0.72
445.246,1.61
445.902,1.35
446.557,1.02
447.213,0.86
447.869,0.77
448.525,0.92
449.836,1.81
450.492,1.64
451.148,1.39
451.803,1.22
452.459,0.96
453.115,0.52
453.770,0.44
454.426,1.63
455.082,1.49
455.738,1.69
456.393,2.01
457.049,1.96
457.705,1.41
458.361,1.90
459.016,0.53
459.672,0.88
460.328,0.85
462.295,1.52
462.951,1.76
463.607,0.94
464.918,0.79
465.574,0.28
466.230,0.02
466.885,0.57
467.541,1.00
468.852,-0.43
469.508,-0.70
470.164,-0.68
470.820,-0.52
471.475,-0.49
471.820,-0.43
472.131,-0.73
472.446,-0.40
472.787,-0.48
473.075,-0.30
473.443,-0.16
473.702,-0.07
474.098,-0.13
474.328,0.45
474.754,-0.35
474.954,-0.08
475.410,0.65
475.584,0.66
476.066,0.47
476.210,0.84
476.721,0.79
476.836,0.82
477.462,0.71
478.033,0.45
478.092,0.65
478.689,0.62
478.718,0.22
479.344,-0.02
480.000,-0.18
480.105,0.00
481.000,-0.89
481.210,-0.28
482.000,-0.93
482.315,-0.41
483.000,-0.25
483.470,-0.86
484.000,-0.82
484.645,-0.73
485.000,-0.86
486.000,-0.45
487.990,-0.27
490.000,-0.44
492.000,-0.56
492.537,-1.04
493.556,-1.16
494.364,-0.71
495.111,-0.95
501.333,-1.22
502.889,-0.83
504.444,-0.26
506.000,0.19
506.459,0.53
506.919,0.71
507.378,0.45
507.838,0.32
508.297,0.31
508.757,0.31
509.216,0.64
509.676,0.29
510.135,0.44
510.595,0.32
511.054,0.73
511.514,0.82
511.973,0.78
512.432,0.47
513.811,0.61
514.270,0.67
514.730,0.14
515.189,0.27
515.649,0.11
517.027,-0.34
517.486,-0.12
517.946,-0.20
518.405,-0.21
518.865,-0.43
520.243,-0.08
520.703,0.01
521.162,0.29
521.622,-0.12
522.081,-0.09
522.541,-0.65
523.000,-0.62
524.200,-0.43
526.600,-0.45
529.000,0.56
529.400,0.51
529.800,0.39
530.200,0.60
530.600,0.73
531.000,0.31
531.400,1.36
531.800,1.17
532.200,0.73
533.000,0.81
537.000,-0.66
538.000,-0.35
540.000,-0.23
541.000,1.79
541.400,1.69
541.800,0.99
542.200,0.85
542.600,0.43
543.000,1.52
543.400,1.13
543.800,0.85
544.200,0.71
544.600,0.87
545.000,0.87
545.800,0.91
546.200,0.39
546.600,0.00
547.000,0.49
547.400,0.39
547.800,-0.33
548.200,-0.42
548.600,-0.45
549.000,-0.26
549.750,-0.59
550.500,-0.52
551.250,-0.62
552.000,-0.76
556.000,0.48
559.000,0.35
560.500,0.20
562.000,0.77
563.500,0.83
565.000,0.59
566.500,0.39
568.000,0.49
569.500,-0.05
571.000,0.14
572.500,0.07
574.000,-0.47
575.000,-0.88
576.000,-0.53
577.000,-1.04
578.000,-1.22
579.000,-1.45
580.000,-1.92
581.000,-0.41
582.000,-0.49
583.500,-1.52
585.000,0.00
586.000,-0.46
586.500,0.22
587.000,-0.17
587.500,-0.30
588.000,0.37
588.500,-0.26
589.000,0.00
589.500,-0.06
590.000,-0.65
591.000,-0.25
592.500,0.85
593.000,0.73
594.000,-0.65
594.500,0.57
594.750,0.31
595.000,0.46
596.333,-1.34
597.000,-0.03
597.667,-0.76
598.000,-0.78
598.333,-1.67
599.000,-1.23
599.667,-0.36
600.333,-1.23
601.000,1.37
602.944,-0.23
603.722,0.21
604.500,0.13
604.889,0.91
605.083,0.95
605.278,0.55
606.833,-0.30
607.028,-0.10
607.222,0.69
607.611,-0.05
608.000,-0.72
609.154,-0.58
610.308,-0.61
610.885,-1.06
611.462,-1.36
612.615,-1.49
613.769,-1.25
614.923,-1.54
616.077,-0.33
618.385,-2.03
619.538,-0.93
620.692,-3.61
621.846,-2.67
622.423,-2.66
623.000,-2.18
625.368,0.46
626.158,0.10
626.553,0.50
626.947,-0.12
627.737,-0.30
629.316,0.46
630.105,1.14
630.500,0.56
630.895,0.40
631.684,1.43
633.263,0.74
634.053,0.90
634.447,1.03
634.842,1.34
635.632,0.83
637.211,0.12
638.000,1.09
643.333,-1.44
644.000,-1.23
646.556,-0.02
647.333,1.22
649.278,1.64
650.833,-1.43
651.222,1.16
652.000,1.12
652.929,0.98
653.393,1.81
653.857,1.54
654.786,0.55
655.714,1.23
656.643,1.37
657.571,0.33
658.036,2.01
659.429,2.06
660.357,2.02
661.286,1.34
662.214,1.33
662.679,1.93
663.143,1.59
664.071,2.03
665.000,1.83
666.600,1.15
667.000,0.49
668.200,-1.03
669.000,0.27
671.000,1.95
671.390,0.57
672.171,1.52
672.951,1.87
673.732,1.19
674.512,0.83
674.902,1.77
675.293,1.37
676.073,1.38
676.854,0.67
677.634,0.64
678.415,1.79
678.805,1.87
679.195,1.42
679.976,1.28
680.756,1.73
682.317,1.18
682.707,1.78
683.098,0.81
683.878,1.40
684.659,1.48
685.439,0.77
686.220,0.88
686.610,0.54
687.000,0.06
687.632,-0.86
688.263,-0.85
688.895,-1.22
689.526,-1.15
689.842,-1.05
690.158,-1.28
690.789,-1.04
691.421,-1.86
692.053,-1.42
692.684,-2.07
693.000,-0.64
693.377,-1.10
694.132,-1.25
694.886,-1.15
695.641,-0.76
696.395,-1.62
696.773,0.15
697.150,-1.07
697.904,-1.88
698.659,0.94
699.413,0.80
700.168,1.14
700.545,1.06
700.922,0.93
702.431,1.13
704.318,0.72
708.090,0.83
711.184,1.72
717.121,1.17
719.166,1.69
720.988,1.81
721.218,1.89
722.758,2.32
723.271,2.47
724.580,2.61
725.323,2.01
727.375,0.48
729.427,0.07
731.480,0.66
733.532,0.56
735.584,0.28
737.636,0.78
739.866,0.28
742.318,0.64
744.774,1.80
747.230,2.26
749.682,1.78
752.138,1.83
754.594,2.03
757.046,1.82
759.502,1.20
761.958,1.60
764.191,1.33
766.394,0.36
768.597,-0.06
770.797,0.78
773.000,-0.38
775.318,-0.21
776.782,0.08
777.548,-0.26
778.687,0.02
779.664,-0.04
780.593,-0.14
781.783,-0.16
782.502,-0.32
783.899,-0.80
784.407,-0.43
786.014,-0.56
786.312,-0.48
787.895,-0.91
788.221,-0.43
792.000,-0.57
794.760,0.18
796.194,0.02
797.727,0.58
802.067,1.93
803.462,2.36
804.858,2.27
806.254,2.21
809.045,2.22
810.440,1.60
811.836,1.46
813.231,1.41
814.627,0.43
816.022,1.13
817.418,1.30
818.813,1.42
820.209,1.00
821.604,0.83
823.000,-0.12
825.750,0.28
828.500,-0.38
831.250,-1.11
834.000,0.68
838.500,-0.15
839.250,1.18
840.000,-0.29
840.880,-0.42
841.600,-0.47
842.400,-1.20
843.200,-1.58
844.000,-0.67
845.000,0.24
846.000,0.95
847.000,-0.14
847.328,0.47
848.000,-0.10
849.046,-0.58
851.890,-1.46
860.412,-0.39
863.000,-0.70
867.335,1.43
868.780,1.27
870.178,1.46
871.579,2.90
872.976,2.31
874.374,2.52
877.172,2.07
878.570,1.92
879.971,0.61
886.965,0.79
890.263,2.02
892.116,2.36
893.940,1.63
895.433,1.47
896.925,1.54
898.418,1.55
903.123,0.86
904.704,1.35
906.285,1.26
907.866,1.23
909.447,1.45
911.028,1.70
912.609,1.03
914.190,0.86
915.771,1.61
917.352,1.55
918.933,1.22
920.514,1.78
922.095,1.77
923.676,1.46
925.257,0.57
926.838,1.45
928.419,0.24
930.000,0.91
932.800,-0.59
935.600,-0.86
937.000,-0.79
938.571,-0.37
940.143,1.12
941.714,1.11
943.286,0.64
944.857,-0.02
946.429,0.96
948.000,0.07
951.667,-0.37
953.500,0.14
955.333,-1.11
959.000,0.28
962.500,1.53
966.000,1.72
969.500,1.58
973.000,0.94
974.000,1.78
975.000,1.30
979.000,0.44
982.500,1.26
986.000,1.91
989.500,1.51
993.000,1.06
994.750,-0.71
998.250,-0.77
1000.000,-0.16
1002.000,0.81
1004.000,1.30
1006.000,0.52
1008.000,0.79
1010.000,0.87
1012.000,0.62
1014.000,0.03
1016.000,0.05
1018.000,1.61
1020.000,0.59
1020.800,0.67
1021.600,-1.11
1023.200,-1.38
1024.000,-0.13
1029.250,1.21
1034.500,1.25
1039.750,1.16
1045.000,1.09
1048.000,0.24
1051.000,1.97
1052.333,2.17
1053.667,1.17
1055.000,1.08
1056.333,1.63
1057.667,0.93
1059.000,0.44
1060.333,1.66
1061.667,1.03
1061.933,1.73
1062.200,1.18
1062.467,0.83
1062.733,0.78
1063.000,0.74
1063.371,0.94
1063.743,0.80
1064.114,0.81
1064.486,0.51
1064.857,0.78
1065.229,0.41
1065.971,-1.11
1066.343,-0.99
1066.714,-0.86
1067.829,-1.12
1068.200,-1.80
1068.571,-0.53
1068.943,-0.60
1070.057,-1.93
1071.914,-3.33
1072.286,-1.09
1072.657,-2.02
1073.029,-1.81
1073.400,-2.34
1073.771,-2.20
1074.143,-1.22
1074.514,-0.74
1074.886,-0.44
1075.257,-0.41
1076.000,-0.13
1076.478,0.52
1076.957,0.39
1077.435,0.67
1077.913,0.20
1078.391,0.89
1078.870,0.29
1079.348,0.69
1079.826,0.75
1080.783,1.09
1081.261,0.74
1081.739,0.18
1082.217,0.99
1083.174,0.79
1084.130,0.09
1084.609,-0.20
1085.087,0.61
1085.565,1.42
1086.043,1.19
1086.522,1.13
1087.000,-0.07
1087.399,0.13
1087.797,-0.44
1088.595,0.37
1088.993,0.21
1089.392,0.30
1089.790,-0.21
1090.189,-0.31
1090.588,-0.16
1090.986,-0.36
1091.385,-0.32
1091.784,-0.88
1092.182,-0.01
1092.545,0.56
1092.908,0.19
1093.274,0.50
1093.637,0.52
1094.000,0.80
1094.305,1.15
1094.614,1.39
1094.919,1.34
1095.224,1.12
1095.529,1.49
1095.834,1.31
1096.139,1.51
1096.445,1.58
1096.750,0.89
1097.055,1.35
1097.360,1.56
1097.665,1.43
1097.970,1.61
1098.276,1.51
1098.581,1.40
1098.886,1.45
1099.191,1.17
1099.496,1.43
1099.801,1.51
1101.273,1.39
1112.950,0.72
1114.442,-1.15
1115.904,-0.68
1117.578,0.24
1119.258,1.14
1120.934,1.25
1122.601,1.19
1124.194,1.41
1125.787,0.80
1127.383,1.05
1129.029,0.16
1130.699,1.61
1132.376,0.17
1134.053,1.76
1135.729,1.70
1137.406,1.13
1139.083,0.77
1140.759,0.69
1142.436,0.07
1144.113,-0.84
1145.790,0.92
1147.466,0.57
1149.143,0.34
1150.820,0.67
1152.496,1.00
1154.173,0.56
1155.850,-0.07
1157.526,-0.27
1159.203,-0.91
1174.293,1.32
1175.970,0.92
1177.647,0.82
1179.323,1.00
1181.000,0.03
1182.750,-0.50
1184.500,-0.91
1186.250,-1.42
1188.000,0.15
1189.650,0.98
1191.300,0.83
1192.950,1.28
1194.600,0.88
1196.250,1.91
1197.900,1.62
1199.550,1.58
1201.200,1.36
1202.850,0.92
1204.500,0.88
1206.150,0.61
1207.800,0.89
1209.450,0.26
1211.100,0.55
1212.849,1.86
1217.700,3.14
1221.000,-0.14
1222.520,-0.83
1222.583,-1.05
1224.167,-0.80
1227.891,-1.05
1228.917,-0.78
1230.500,-1.13
1231.228,-0.37
1232.083,-0.61
1233.667,-0.39
1234.563,-0.95
1235.250,-0.81
1235.978,-1.18
1236.833,-0.95
1238.417,0.06
1238.642,0.16
1239.972,0.42
1240.000,-0.19
1242.223,1.38
1242.698,1.98
1245.396,1.96
1253.490,0.25
1254.882,0.03
1256.188,0.10
1257.823,-0.41
1258.886,0.66
1260.758,1.13
1261.584,0.31
1263.699,1.61
1264.282,0.32
1266.899,-0.53
1266.980,-0.72
1274.701,-0.14
1277.000,-0.47
1278.499,0.00
1280.190,-1.00
1281.070,-1.14
1282.008,-1.24
1283.000,-0.60
1285.246,-0.84
1287.264,0.78
1292.668,0.96
1294.663,1.36
1296.657,0.74
1298.587,0.54
1299.126,0.15
1300.486,1.46
1301.128,2.18
1302.149,0.29
1303.825,1.46
1305.524,0.53
1307.462,0.13
1309.409,0.12
1311.000,-0.48
1311.247,0.02
1312.342,0.30
1312.600,0.20
1313.682,-0.35
1315.013,-0.22
1315.282,-0.90
1316.342,-1.67
1316.605,-0.94
1317.673,-0.84
1318.000,-0.70
1319.585,0.31
1320.559,0.06
1323.119,0.73
1325.415,0.10
1325.678,0.19
1328.238,0.70
1330.797,0.63
1332.000,-0.78
1335.415,-0.61
1339.000,1.08
1340.619,0.52
1341.065,0.69
1342.417,1.27
1343.129,0.84
1345.194,0.91
1346.014,1.78
1347.255,0.89
1349.320,-0.02
1351.410,0.06
1355.007,-0.34
1362.201,-1.04
1364.000,-0.85
1365.688,0.32
1367.375,0.28
1369.063,0.86
1370.750,0.19
1372.438,0.30
1374.125,-0.82
1375.813,-0.43
1377.500,0.29
1379.188,-0.25
1380.875,-0.65
1382.563,-0.03
1384.250,0.15
1387.625,0.50
1391.000,0.01
1393.000,-0.77
1395.000,-0.84
1399.000,-2.19
1401.000,-1.71
1405.000,-0.31
1409.000,-0.44
1411.000,0.14
1413.570,0.26
1413.807,0.72
1415.092,0.44
1416.400,1.61
1417.425,0.46
1417.780,0.74
1419.163,0.14
1419.995,-0.53
1420.543,0.50
1422.000,0.09
1429.090,-1.92
1429.309,-0.93
1431.152,-0.76
1431.634,-1.01
1433.213,-0.90
1433.872,0.04
1435.274,-0.13
1436.115,-0.35
1438.357,0.06
1439.396,0.00
1442.694,-0.32
1442.801,-0.70
1444.265,-0.54
1446.816,0.15
1447.674,-0.82
1448.878,-0.57
1449.298,-1.21
1450.939,-1.89
1453.000,-1.75
1455.000,0.36
1457.000,0.98
1459.000,1.59
1463.000,0.12
1465.000,0.62
1471.000,-1.80
1473.200,0.36
1475.400,0.44
1477.600,-0.25
1479.800,-0.80
1482.000,-0.24
1485.000,-1.25
1488.000,-0.98
1491.000,0.32
1495.333,0.18
1499.667,0.40
1504.000,1.73
1505.563,1.40
1507.127,0.81
1508.690,0.60
1510.253,0.82
1510.675,0.59
1511.816,0.60
1512.238,-0.25
1513.380,0.36
1513.805,0.17
1514.943,0.34
1515.368,0.30
1516.506,0.46
1516.931,-0.05
1518.069,0.93
1518.491,0.13
1519.633,0.87
1520.058,-0.28
1521.196,0.42
1521.621,0.61
1522.759,-0.18
1523.125,-0.31
1524.322,0.25
1524.329,-0.13
1525.529,0.48
1525.886,0.18
1526.736,1.13
1528.009,-0.34
1529.278,0.14
1530.550,1.07
1531.820,0.71
1533.092,1.11
1533.702,0.39
1534.365,0.99
1535.265,-0.01
1535.634,0.38
1536.828,-1.07
1536.907,-0.92
1538.179,-1.35
1538.392,-1.25
1539.448,-0.58
1539.955,-1.01
1540.721,0.21
1541.518,-0.42
1541.993,-0.34
1543.081,0.56
1543.263,0.79
1544.435,0.44
1544.645,-0.19
1545.576,-0.97
1546.208,-0.15
1546.718,0.31
1547.771,-1.00
1549.000,-0.57
1550.889,-1.65
1554.000,-0.48
1554.750,-0.75
1555.500,0.66
1556.250,-0.65
1557.000,1.51
1558.333,1.28
1559.667,1.01
1561.000,0.52
1563.000,-0.38
1565.000,-1.20
1567.000,0.12
1569.680,0.42
1572.360,0.55
1575.040,0.97
1577.720,0.15
1589.785,-2.89
1592.942,-2.97
1596.105,-1.26
1599.267,-0.52
1602.424,0.17
1604.520,0.13
1605.587,0.43
1607.200,0.65
1608.749,-0.22
1609.880,0.13
1611.906,-0.36
1612.560,-0.40
1615.068,-1.71
1615.240,-1.12
1617.920,-2.03
1618.108,-1.33
1620.600,-0.32
1621.104,-0.57
1623.280,0.95
1624.095,-0.22
1625.960,0.29
1627.091,0.55
1628.640,0.74
1630.082,0.25
1631.320,0.74
1633.078,0.09
1634.000,-0.16
1635.740,-0.61
1636.249,-0.57
1638.250,-2.06
1638.497,-1.01
1640.746,-2.27
1641.348,-0.76
1642.994,-1.35
1645.000,-0.10
1645.228,1.06
1647.335,0.83
1647.516,0.62
1649.442,0.95
1649.944,0.85
1651.550,0.90
1652.372,1.52
1653.657,1.14
1654.799,0.23
1655.765,1.03
1657.227,0.08
1657.872,0.71
1659.532,1.29
1659.979,0.53
1661.640,0.97
1662.087,1.36
1663.747,1.14
1664.194,0.69
1666.301,1.02
1668.409,0.10
1670.069,0.01
1670.516,0.46
1672.177,-0.12
1674.284,-0.06
1676.392,0.22
1679.321,-0.73
1682.254,-0.35
1685.192,-0.64
1688.130,0.53
1691.067,-0.83
1694.001,-0.61
1696.454,0.63
1698.903,1.09
1701.351,1.03
1703.800,0.60
1705.967,0.69
1725.810,1.12
1727.917,0.50
1730.024,0.24
1732.001,-0.11
1733.000,0.06
1736.856,-1.29
1737.970,-0.57
1739.000,1.08
1744.000,0.45
1749.000,0.71
1754.000,1.05
1755.576,-0.13
1757.152,-0.74
1758.593,-1.87
1760.000,-0.55
1762.103,-0.54
1764.207,-0.75
1766.310,-0.26
1768.414,-0.15
1770.517,-0.27
1772.621,-0.44
1774.724,0.28
1776.828,0.03
1778.931,0.11
1781.034,-0.30
1783.138,0.78
1785.241,0.82
1787.345,0.48
1789.448,-0.40
1795.759,0.58
1797.862,0.89
1799.966,0.84
1802.069,0.65
1804.172,0.93
1806.276,0.64
1808.379,0.26
1810.483,0.32
1812.586,0.16
1814.690,0.35
1816.793,0.09
1818.897,0.38
1821.000,-0.10
1823.200,-0.49
1825.400,-0.37
1827.600,-1.90
1833.833,-2.14
1835.667,0.34
1837.500,0.30
1839.333,0.48
1841.167,0.06
1843.000,0.33
1845.833,-1.49
1854.333,-1.44
1857.167,-0.45
1860.000,0.35
1862.667,0.57
1865.333,0.35
1868.000,0.25
1869.750,0.44
1873.250,-0.42
1875.000,0.01
1877.219,-0.54
1879.437,0.32
1881.656,-0.34
1883.874,-0.16
1886.093,-0.18
1888.312,-0.73
1890.530,0.03
1892.749,-0.74
1894.968,0.04
1897.186,-0.56
1899.436,0.02
1901.801,-0.21
1904.166,0.91
1906.535,0.28
1908.900,0.54
1911.270,0.18
1913.635,1.01
1916.000,0.52
1922.855,-2.73
1924.517,-0.99
1926.000,-0.34
1927.001,-0.42
1928.000,-0.10
1928.992,-0.40
1929.983,-0.44
1931.000,-0.11
1934.586,-0.09
1938.000,-0.26
1939.139,-0.85
1940.263,-0.69
1941.385,-1.79
1942.507,-0.50
1943.632,-0.54
1944.754,-1.54
1945.876,-0.46
1947.000,-0.43
1948.496,-0.03
1949.992,0.39
1951.488,1.26
1955.008,0.13
1959.506,0.27
1964.000,-0.12
1965.775,-1.45
1967.603,-1.55
1969.000,0.22
1970.575,-0.49
1972.152,0.03
1991.512,-0.68
1992.400,-0.07
1993.288,-0.10
1994.176,-0.49
1995.064,0.62
1995.952,0.14
1996.840,-0.01
1997.727,0.08
1998.615,0.30
1999.503,0.47
2000.391,0.27
2001.279,0.36
2002.167,-0.37
2003.055,-0.38
2003.943,-0.33
2004.831,0.08
2005.719,-0.19
2006.607,0.72
2007.494,0.25
2008.382,0.82
2009.270,0.68
2010.158,1.36
2011.046,0.57
2011.934,-0.33
2012.822,0.07
2013.710,0.38
2014.598,-0.90
2015.486,0.13
2016.374,0.45
2017.262,0.76
2018.149,0.36
2019.037,0.36
2019.925,-0.05
2020.813,-0.36
2021.701,0.47
2022.589,-0.45
2023.477,-0.21
2024.365,-0.11
2025.253,-0.03
2026.141,-0.23
2027.029,-0.29
2027.916,-0.53
2028.804,-0.18
2029.692,-0.15
2030.580,-0.46
2031.468,0.11
2032.356,-0.35
2033.244,0.28
2034.132,0.00
2035.020,0.01
2035.908,0.26
2036.796,-0.08
2037.683,0.18
2038.571,0.28
2039.459,0.11
2040.347,0.05
2041.235,-0.04
2042.123,-0.33
2043.011,-0.52
2043.899,0.01
2044.787,0.05
2045.675,0.28
2046.579,0.90
2047.548,0.22
2048.516,0.42
2049.484,0.34
2050.480,0.59
2051.622,0.35
2052.766,0.27
2053.907,0.01
2055.051,-0.10
2056.138,0.28
2057.072,0.20
2058.008,-0.17
2058.944,-0.29
2059.878,0.07
2061.000,-1.09
2061.414,-1.13
2061.932,-0.96
2062.448,-0.84
2062.966,-1.14
2064.000,-0.61
2064.827,-0.54
2065.655,-0.91
2066.482,-0.05
2067.308,0.12
2068.135,-0.54
2068.963,0.29
2069.788,-0.11
2070.616,-0.24
2071.443,-0.27
2072.255,-0.30
2073.034,0.28
2073.811,0.15
2074.589,0.13
2076.145,-0.32
2077.701,-0.52
2078.478,0.38
2079.240,0.17
2079.973,0.70
2080.706,0.16
2081.439,0.00
2082.172,1.04
2082.907,0.32
2083.640,0.59
2084.373,1.36
2085.107,1.32
2085.240,0.58
2085.546,0.80
2085.700,0.37
2085.840,0.84
2086.006,0.75
2086.314,0.62
2086.466,0.42
2086.574,0.56
2086.774,0.45
2087.080,0.52
2087.232,0.56
2087.308,0.32
2087.540,0.52
2087.846,0.70
2088.000,0.64
2088.099,0.97
2088.739,0.41
2089.479,-0.31
2089.851,0.05
2089.870,0.33
2090.590,-0.70
2091.333,0.31
2091.641,0.18
2092.444,0.08
2093.411,-0.18
2094.295,-0.38
2095.035,-2.80
2095.099,-1.21
2095.406,-2.92
2096.146,-2.64
2096.714,-2.06
2096.889,-1.40
2097.257,-1.27
2098.000,-1.26
2098.824,-1.07
2099.332,-0.39
2100.352,-0.13
2101.368,-1.10
2101.876,0.37
2102.896,-0.59
2103.912,0.06
2104.420,0.65
2105.440,0.45
2106.456,-0.22
2106.964,0.37
2107.984,0.09
2109.000,-0.65
2109.370,-0.24
2110.114,-1.67
2110.855,-1.90
2111.970,-1.04
2113.045,-2.60
2113.662,-1.56
2114.897,-1.77
2115.700,-1.36
2116.000,-0.95
2116.672,-0.51
2117.346,0.26
2117.682,-0.71
2118.357,-0.48
2119.032,-0.54
2120.042,0.12
2120.717,1.05
2121.053,1.09
2121.728,0.97
2122.402,0.27
2122.738,-0.55
2123.413,0.83
2124.088,0.97
2124.423,-0.11
2125.124,0.97
2125.843,0.56
2126.204,0.69
2126.923,0.79
2127.642,0.30
2128.000,0.68
2129.421,-0.41
2130.835,-0.48
2131.539,-0.22
2132.953,-0.54
2134.368,0.50
2135.078,-0.13
2136.698,-2.98
2138.324,-2.30
2139.140,-1.51
2140.766,-1.26
2142.087,-0.38
2142.723,0.17
2144.000,0.02
2144.957,0.75
2145.433,0.70
2147.702,0.85
2148.127,1.26
2148.337,1.44
2148.762,1.09
2149.182,1.21
2149.397,1.32
2149.817,1.00
2150.242,0.61
2150.452,1.42
2150.873,0.96
2151.297,0.56
2151.508,1.25
2151.932,0.25
2152.353,1.22
2152.567,0.60
2152.988,0.23
2153.412,1.25
2153.623,1.29
2154.043,0.25
2154.468,0.60
2154.678,0.63
2155.103,0.25
2155.523,0.46
2155.738,1.16
2156.158,0.57
2156.583,1.23
2156.793,0.97
2157.213,1.09
2157.638,0.87
2157.848,1.37
2158.273,0.58
2158.693,0.26
2158.903,0.50
2159.328,0.65
2160.262,0.38
2160.729,0.69
2161.662,0.61
2162.596,0.88
2163.063,0.41
2163.997,0.46
2164.930,0.42
2165.397,0.43
2166.331,0.23
2167.265,0.39
2167.732,0.04
2168.666,0.46
2169.599,0.31
2170.066,-0.05
2171.000,-0.50
2171.971,-0.13
2172.457,-0.93
2173.429,0.13
2174.400,-0.51
2174.886,-0.61
2175.857,-0.28
2176.829,-0.49
2177.314,-1.08
2178.286,-0.96
2179.257,-0.48
2179.743,-0.54
2180.714,-0.65
2181.686,-0.77
2182.171,-1.52
2183.143,-2.08
2184.114,-1.84
2186.543,-2.10
2187.029,-2.14
2188.000,-0.66
2188.520,-0.81
2188.780,-0.87
2189.300,-0.47
2189.820,0.25
2190.080,-0.27
2190.600,-0.50
2191.120,-0.39
2191.380,0.25
2191.900,0.22
2192.420,1.31
2192.680,1.21
2193.200,0.49
2193.720,0.78
2193.980,1.02
2194.500,-0.50
2195.020,0.48
2195.280,0.31
2195.800,0.19
2196.320,0.31
2196.580,0.10
2197.100,0.90
2197.620,0.74
2197.880,0.18
2198.400,-0.43
2198.920,0.28
2199.180,0.08
2199.700,0.44
2200.220,0.05
2200.480,0.51
2201.000,0.35
2202.100,0.98
2202.650,-1.98
2203.750,-2.82
2204.850,-2.20
2205.400,-2.35
2206.500,-2.79
2207.600,-1.77
2208.150,-1.08
2209.250,-1.08
2210.350,-1.50
2210.900,-0.28
2212.000,-0.64
2212.474,-0.17
2212.711,-0.15
2213.184,-0.25
2213.658,-0.12
2213.895,-0.36
2214.368,0.01
2214.842,0.25
2215.079,-0.40
2215.553,0.00
2216.026,-0.33
2216.263,-0.08
2216.737,0.06
2217.447,-0.21
2217.921,-0.55
2218.395,-0.46
2218.632,-0.23
2219.105,-0.52
2219.579,-0.53
2219.816,-0.61
2220.289,-0.10
2220.763,-0.50
2221.000,-0.55
2222.368,-1.22
2225.789,-1.66
2227.158,-3.20
2227.842,-3.00
2229.211,-2.25
2230.579,-1.18
2231.263,-2.04
2232.632,-1.86
2234.000,-2.30
2234.462,-0.66
2235.385,1.00
2236.308,0.41
2236.769,0.69
2237.692,0.88
2238.615,0.23
2239.077,1.14
2240.923,0.88
2241.385,1.55
2242.308,1.01
2243.231,1.28
2243.692,1.44
2244.615,1.06
2245.538,0.86
2246.000,0.72
2247.083,0.01
2248.167,-0.85
2248.708,-0.83
2249.792,-1.28
2250.875,-1.21
2251.417,-1.39
2252.500,-0.72
2253.583,-0.90
2254.125,-1.20
2255.208,-1.46
2256.833,-1.33
2257.917,-0.57
2259.000,-0.36
2259.295,-0.69
2259.886,-0.41
2260.476,-0.88
2260.771,-0.90
2261.362,-0.63
2262.838,-0.37
2264.314,-0.58
2265.790,-0.01
2267.267,-0.78
2268.743,-0.47
2270.219,-0.25
2271.695,-0.71
2273.171,0.39
2274.648,0.95
2276.124,-0.20
2277.600,0.06
2279.076,-0.17
2280.552,0.37
2282.029,0.40
2282.914,0.16
2283.505,0.11
2284.095,-0.36
2284.390,0.04
2284.981,0.07
2285.571,0.02
2285.867,-0.26
2286.457,-0.48
2287.048,-0.48
2287.343,-0.28
2287.933,-0.16
2288.524,-0.86
2288.819,-0.24
2289.410,0.02
2290.000,0.56
2290.850,0.27
2296.800,-2.21
2298.500,-2.58
2299.350,-2.24
2301.050,-0.39
2302.750,-1.00
2303.600,-0.99
2305.300,-0.59
2307.000,-0.59
2307.412,-0.24
2308.235,-0.08
2309.059,0.11
2309.471,-0.04
2310.294,-0.52
2311.118,0.35
2311.529,0.02
2312.353,0.11
2313.176,-0.11
2313.588,0.40
2314.412,-0.32
2315.235,0.01
2316.471,-0.16
2317.294,-0.19
2317.706,-0.32
2320.588,0.10
2322.647,-0.65
2324.706,-0.90
2326.765,0.16
2328.824,-1.11
2330.882,0.37
2332.941,0.18
2335.000,-0.32
2336.500,-0.49
2338.000,-0.91
2339.500,-1.09
2341.000,-1.26
2342.500,-1.65
2344.000,-1.56
2345.500,-0.76
2347.000,-0.70
2349.462,0.31
2351.924,0.88
2354.386,0.89
2356.848,1.21
2359.311,0.76
2361.773,0.76
2364.235,0.39
2366.697,0.19
2369.159,-0.23
2371.621,-0.30
2374.083,-0.31
2376.545,-0.24
2379.008,-0.68
2383.932,-0.86
2384.917,-0.37
2385.902,-0.87
2387.379,-0.50
2387.871,-0.54
2388.856,-0.38
2389.841,-0.92
2390.333,-1.10
2391.318,-0.12
2392.303,-0.69
2392.795,-0.29
2393.780,-0.40
2394.765,-0.65
2395.258,-0.43
2396.242,-0.33
2397.227,-0.48
2397.720,-0.45
2398.705,-0.34
2399.689,-0.52
2400.182,-0.49
2401.167,-0.28
2402.152,-0.84
2402.644,-0.66
2403.629,0.01
2404.614,-0.35
2405.106,-0.33
2406.091,-0.55
2407.076,-0.46
2407.568,-0.53
2408.553,0.05
2409.538,-0.71
2410.030,-0.30
2411.015,-0.02
2412.000,-0.82
2412.444,-0.38
2413.333,-0.59
2414.222,-0.65
2414.667,-0.54
2415.556,-0.37
2416.444,-0.51
2416.889,-0.29
2417.778,-0.29
2418.667,-0.69
2419.111,-0.67
2420.000,0.42
2420.800,-0.37
2421.200,1.00
2422.000,0.14
2422.800,-0.18
2423.200,-0.24
2424.000,-0.30
2424.800,0.18
2425.200,-0.19
2426.000,0.32
2426.800,-0.17
2427.200,-0.26
2428.000,0.32
2428.800,-0.06
2429.200,0.30
2432.000,0.27
2434.000,0.02
2436.000,0.49
2438.000,-0.13
2440.000,0.00
2442.000,0.58
2444.000,0.30
2446.000,0.78
2448.000,0.07
2450.000,0.28
2450.800,-0.09
2452.000,1.01
2452.800,-0.55
2453.200,-0.51
2454.000,0.03
2455.467,-0.43
2456.200,-0.33
2457.667,-0.31
2459.133,-0.40
2459.867,-0.58
2461.333,-0.34
2462.800,-0.61
2463.533,-0.33
2465.000,-0.20
2466.467,-0.29
2467.200,-0.94
2468.667,-0.18
2470.133,-0.84
2470.867,-0.82
2472.333,-0.61
2473.800,-0.71
2474.533,-0.61
2476.000,0.05
2476.971,-0.42
2477.457,-0.45
2478.263,0.32
2478.429,-0.12
2479.283,0.26
2479.400,-0.20
2479.789,-0.24
2479.886,-0.19
2480.809,1.02
2480.857,-0.08
2481.829,0.41
2482.261,0.25
2482.314,0.15
2483.125,0.35
2483.286,0.63
2483.990,1.00
2484.257,0.64
2484.422,0.89
2484.743,-0.34
2485.287,0.39
2485.714,1.14
2486.151,0.58
2486.579,0.78
2486.686,0.61
2487.171,0.77
2487.443,0.91
2488.143,0.95
2488.308,0.95
2488.740,0.25
2489.114,0.53
2489.600,0.75
2490.571,1.04
2491.543,0.02
2492.029,0.21
2493.000,0.58
2494.000,-0.53
2494.500,-0.70
2496.500,-0.80
2497.000,-0.86
2499.000,-0.55
2499.500,-0.67
2501.500,-0.52
2502.000,-0.30
2503.000,0.39
2503.857,0.14
2504.286,-0.05
2505.143,0.23
2506.000,0.35
2506.429,-0.13
2507.286,0.30
2508.143,-0.08
2508.571,0.85
2509.429,0.72
2510.286,0.81
2510.714,1.08
2511.571,1.04
2512.429,0.83
2512.857,0.88
2513.714,1.07
2514.571,0.91
2515.000,0.81
2515.857,1.06
2516.714,1.29
2517.143,0.56
2518.000,0.42
2518.857,-0.03
2519.286,0.24
2520.143,0.57
2521.000,0.34
2521.429,0.10
2522.286,0.42
2523.143,0.38
2523.571,0.32
2524.429,0.46
2525.286,0.10
2525.714,0.38
2526.571,0.28
2527.429,0.38
2527.857,0.34
2528.714,0.52
2529.571,0.58
2530.000,-0.23
2530.857,-0.01
2531.714,-0.59
2532.143,-0.02
2533.000,0.43
2533.900,-0.33
2534.350,-0.16
2535.250,-0.70
2536.150,-0.36
2536.600,-0.59
2537.500,-0.60
2538.400,-0.66
2538.850,-0.47
2539.750,-0.73
2540.650,-0.86
2541.100,-1.05
2542.000,-0.69
2542.900,-1.01
2543.350,-1.04
2546.500,-0.86
2547.400,-1.25
2547.850,-1.36
2549.650,-1.19
2550.100,-1.47
2551.870,-1.27
2552.304,-0.59
2553.174,-0.35
2554.043,-0.58
2554.478,-0.46
2555.348,-0.27
2556.217,0.02
2556.652,-0.64
2557.522,-0.77
2558.391,-0.31
2558.826,-0.36
2559.696,-0.32
2560.565,-0.67
2561.000,-0.65
2562.200,-0.92
2563.400,-0.93
2564.000,-0.57
2565.200,-0.78
2566.400,-0.61
2567.000,-1.12
2570.000,-1.46
2571.200,-0.48
2572.400,-0.91
2573.000,-0.56
2573.769,-0.55
2574.538,-0.64
2574.923,-0.86
2575.692,-0.51
2576.462,-0.34
2576.846,-0.49
2577.615,-0.17
2592.377,-0.62
2593.146,-0.56
2593.531,-1.01
2594.300,-1.00
2595.085,-0.74
2595.488,-0.43
2596.292,0.26
2597.096,-0.61
2597.496,0.20
2598.300,0.62
2599.104,0.47
2599.504,0.57
2600.308,0.66
2601.077,0.41
2601.462,0.65
2602.231,0.52
2603.000,0.17
2603.385,0.28
2604.154,0.67
2604.923,0.13
2605.308,-0.36
2606.846,-0.41
2607.231,-0.14
2608.000,0.08
2608.806,-0.30
2610.015,-0.71
2610.821,-0.69
2611.224,-0.25
2612.030,-1.76
2612.836,-2.06
2613.239,-1.53
2614.851,-1.40
2615.254,-1.33
2616.060,-1.12
2616.866,-0.99
2617.269,-1.08
2618.075,0.14
2618.881,-0.47
2620.090,-0.03
2620.896,-0.73
2621.299,-0.71
2622.104,-0.11
2622.910,-0.68
2623.313,-0.75
2624.119,-1.04
2624.925,-0.55
2625.328,-0.81
2626.134,-0.57
2626.940,-1.15
2627.343,-0.84
2628.149,-1.47
2628.955,-1.23
2629.358,-1.15
2630.164,-1.05
2630.970,-0.69
2631.373,-1.11
2632.179,-1.66
2632.985,-1.55
2634.194,-1.91
2635.000,-2.92
2635.239,-2.43
2635.717,-1.25
2636.196,-1.04
2636.435,-0.87
2636.913,-0.45
2637.391,-0.20
2637.630,-0.52
2638.109,0.29
2638.587,0.46
2638.826,0.28
2639.304,0.41
2639.783,0.19
2640.022,0.14
2640.500,0.37
2640.978,-0.03
2641.217,-0.71
2641.696,-0.11
2642.174,-0.22
2642.413,-0.03
2642.891,0.02
2643.370,-0.30
2643.609,-0.60
2644.087,-0.12
2644.565,-0.22
2646.000,0.06
2647.125,-0.82
2648.250,-0.40
2649.938,-0.79
2651.063,-0.76
2651.625,-1.16
2652.750,-1.53
2653.875,-1.99
2654.438,-1.63
2656.688,-1.55
2658.375,-0.89
2659.500,-0.54
2660.063,-1.40
2661.188,-1.04
2662.313,-1.15
2662.875,-1.22
2664.000,-0.83
2664.769,-0.46
2665.154,-0.50
2665.923,-0.29
2666.692,-0.64
2667.077,-0.58
2667.846,-0.03
2668.615,-0.56
2669.000,-1.05
2670.037,-0.88
2671.074,-0.52
2671.593,-0.84
2672.630,-1.02
2673.667,-0.82
2674.185,-0.77
2675.222,-1.01
2676.259,-0.84
2676.778,-0.89
2677.815,-1.07
2678.852,-1.25
2679.370,-1.13
2680.407,-0.87
2681.444,-1.05
2681.963,-0.89
2683.000,-0.50
2683.919,-0.63
2684.378,-0.32
2685.297,-0.12
2686.216,-0.93
2686.676,-0.79
2687.595,-0.78
2688.514,-0.06
2688.973,0.18
2689.892,-0.20
2690.811,-0.20
2691.270,-0.24
2692.189,-0.09
2693.108,-0.36
2693.568,-0.99
2694.486,-0.26
2695.405,-0.33
2695.865,-0.72
2696.784,-1.01
2697.703,-1.17
2698.162,-1.06
2699.081,-0.30
2700.000,-0.49
2700.438,-0.74
2701.313,-0.80
2702.188,-1.26
2702.625,-0.94
2703.500,-1.05
2704.375,-2.26
2704.813,-1.60
2705.688,-1.85
2706.563,-2.29
2707.000,-1.98
2708.188,-0.15
2709.375,-1.53
2709.969,-1.14
2711.156,0.15
2712.344,0.28
2712.938,0.54
2714.125,-0.06
2715.313,-0.04
2715.906,-0.45
2717.094,0.49
2718.281,0.29
2718.875,0.39
2720.063,-0.29
2723.031,-0.14
2726.000,-0.62
2727.333,-0.24
2728.667,-0.31
2730.000,-0.59
2732.571,-0.32
2735.143,-0.01
2737.714,-0.47
2740.286,-0.40
2742.857,-0.69
2745.429,-0.74
2748.000,-0.88
2748.667,-0.86
2749.333,-1.21
2750.000,-1.07
2752.571,-0.76
2755.143,-0.85
2757.714,0.07
2760.286,-0.18
2762.857,-0.05
2765.429,-0.60
2768.000,-0.05
2770.571,-0.37
2773.143,-0.85
2775.714,-0.71
2778.286,-0.67
2780.857,-1.02
2783.429,-1.05
2786.000,-1.13
2788.571,-0.83
2791.143,-0.37
2793.714,-0.59
2796.286,-0.61
2798.857,-0.38
2801.429,-0.21
2804.000,0.20
2806.571,0.11
2809.143,0.30
2811.714,-0.15
2814.286,-0.37
2816.857,-0.08
2819.429,-0.54
2822.000,-0.65
2826.800,-0.65
2829.200,-0.62
2831.600,-0.86
2834.000,0.12
2836.615,0.03
2839.231,0.02
2841.846,-0.28
2844.462,-0.68
2847.077,-0.25
2849.692,0.04
2852.308,-0.52
2854.923,-0.15
2857.538,0.02
2860.154,-0.06
2862.769,-0.29
2865.385,-0.10
2868.000,-0.04
2870.000,-0.58
2872.000,-2.56
2874.000,-0.94
2876.300,-1.07
2878.600,-0.46
2880.900,-0.58
2883.200,0.17
2885.500,0.22
2887.800,-0.08
2890.100,-0.14
2892.400,-0.48
2894.700,-0.40
2897.000,-0.64
2898.400,0.21
2899.800,-1.83
2901.200,-1.09
2902.600,-0.89
2904.000,-0.37
2911.000,-0.34
2918.000,-0.31
2919.565,0.08
2921.133,-0.56
2922.623,-1.52
2924.000,0.38
2926.723,-0.03
2930.169,-0.06
2933.761,0.35
2937.354,-0.42
3037.477,-0.55
3039.443,-1.72
3041.409,-2.05
3043.877,0.00
3046.408,-0.63
3048.938,0.14
3054.000,0.41
3056.134,-0.93
3060.074,-2.56
3063.000,-0.16
3115.001,-1.89
3116.565,0.15
3118.118,-0.62
3119.659,0.51
3121.200,0.33
3122.741,-0.44
3122.797,-0.77
3124.198,-0.61
3125.599,-0.10
3127.000,-0.53
3128.374,-0.70
3129.748,-0.89
3131.122,-1.63
3132.710,-2.21
3134.473,-1.59
3136.237,-0.72
3138.000,0.14
3139.143,0.14
3141.429,0.30
3143.714,0.39
3146.000,0.05
3147.052,-0.37
3153.084,-1.31
3154.042,-1.52
3155.000,-0.45
3157.121,-0.44
3159.242,-0.14
3161.363,-0.07
3163.484,-0.24
3165.605,-1.07
3167.670,-1.09
3169.507,-0.96
3171.345,-1.94
3173.182,-0.39
3175.020,-0.07
3178.696,-0.48
3180.533,-0.87
3186.000,-0.57
3186.714,-1.22
3188.143,-1.39
3188.857,-1.22
3189.571,-1.41
3190.286,-1.46
3195.756,-1.29
3198.134,-1.21
3200.512,-0.63
3202.890,-0.97
3205.268,-1.19
3207.052,-1.12
3210.024,-0.40
3212.402,-0.54
3214.780,-0.43
3217.157,-0.68
3219.536,-0.52
3221.914,-0.84
3224.291,-0.40
3226.669,-0.09
3229.215,0.00
3232.012,-0.05
3237.608,-0.16
3240.406,-0.45
3246.000,-0.97
3249.840,-0.59
3251.617,0.00
3253.378,0.19
3255.139,0.24
3256.900,0.75
3259.995,0.18
3261.750,-0.37
3263.504,0.01
3265.258,-0.52
3267.013,-0.61
3268.767,-0.40
3270.562,-0.84
3272.316,-0.41
3274.071,-0.23
3275.825,-0.55
3277.457,-0.64
3278.926,-0.11
3280.394,0.22
3281.863,0.55
3283.291,-0.21
3286.228,-0.81
3287.697,0.04
3289.166,-0.93
3290.635,-0.22
3292.103,-0.67
3293.531,-0.82
3295.000,0.59
3296.161,-1.35
3297.323,-1.09
3298.484,-0.90
3299.645,-1.72
3300.806,-1.80
3303.279,-2.13
3304.519,-2.01
3305.760,-1.62
3307.000,-0.67
3314.000,-0.93
3315.600,-0.52
3318.800,-0.61
3320.400,-0.95
3322.000,-0.89
3323.344,-1.49
3324.686,-1.62
3327.413,-1.29
3328.812,-2.04
3330.210,-2.80
3331.609,-2.06
3333.007,-1.94
3334.406,-0.99
3335.804,-1.61
3337.203,-0.73
3340.000,-1.15
3340.801,-2.08
3341.601,-1.85
3342.402,-2.79
3343.199,-2.84
3344.000,-2.10
3345.502,-1.99
3347.064,-2.33
3348.626,-2.99
3350.188,-0.98
3351.751,-0.84
3353.313,-0.90
3354.875,-0.85
3356.437,-1.03
3358.000,-0.66
3359.501,-1.24
3361.002,-1.49
3362.502,-1.56
3364.003,-2.05
3365.504,-1.93
3367.000,-1.69
3371.488,-1.11
3374.293,-0.81
3376.536,-0.26
3378.781,-0.33
3381.024,-0.85
3383.268,-0.71
3385.512,-0.55
3387.756,-0.63
3390.000,-1.12
3393.000,-1.23
3394.875,-1.84
3396.000,-1.72
3397.500,-2.42
3399.000,-3.28
3400.500,-1.56
3402.000,-2.21
3406.000,-0.40
3410.000,-0.71
3412.000,-0.74
3414.000,-0.97
3415.629,-1.08
3417.383,-1.36
3419.192,-1.42
3421.000,-0.67
3422.877,-0.83
3426.631,-0.44
3428.458,-0.74
3430.133,-0.79
3431.808,-0.41
3433.483,-0.83
3435.158,-0.81
3438.507,-0.81
3440.182,-1.54
3442.694,-1.48
3443.951,-1.44
3445.626,-0.89
3447.300,-1.06
3448.975,-0.15
3450.650,-0.92
3452.325,-0.78
3454.000,-0.54
3455.667,-0.66
3457.333,-1.22
3464.052,-1.42
3465.737,-0.03
3467.421,-0.91
3469.105,-1.28
3470.789,-1.14
3472.474,-0.85
3475.842,-1.01
3477.526,-2.74
3479.210,-2.33
3480.895,-2.83
3482.579,-1.98
3484.263,-1.47
3485.947,-2.60
3487.632,-0.88
3489.316,-1.43
3491.000,-1.08
3492.684,-0.71
3494.368,-1.64
3496.053,-0.73
3497.737,-1.31
3499.842,-1.31
3501.105,-1.67
3507.000,-1.14
3508.250,-2.05
3509.500,-1.85
3510.750,-2.04
3512.000,-1.02
3515.000,-0.82
3518.000,-0.54
3521.000,-0.50
3524.000,-1.09
3527.000,-1.11
3528.166,-1.46
3529.333,-1.20
3530.500,-1.17
3531.667,-1.59
3532.833,-2.45
3534.000,-0.30
3536.125,-0.92
3538.250,-0.65
3540.375,-0.85
3542.500,-0.82
3544.625,-0.36
3546.750,-0.69
3548.875,-0.86
3551.000,-0.71
3551.500,-1.43
3552.000,-1.20
3552.500,-1.35
3553.000,-1.20
3554.200,-0.42
3555.400,-0.71
3556.600,-0.06
3557.800,-0.99
3559.000,-0.66
3566.000,-1.29
3569.000,-2.35
3570.091,-2.36
3571.545,-2.73
3573.000,-2.93
3575.453,-2.73
3580.360,-2.41
3582.813,-0.94
3585.267,-1.41
3587.720,-1.41
3590.173,-1.27
3593.240,-1.43
3595.079,-0.84
3597.533,-0.75
3599.986,-0.56
3602.440,-1.26
3605.000,-1.14
3606.539,-1.59
3608.026,-1.09
3609.513,-1.10
3612.286,-1.30
3613.571,-0.43
3614.857,-0.58
3616.143,-0.14
3617.428,-0.54
3618.714,0.00
3620.000,-0.63
3621.166,-1.31
3622.333,-0.86
3623.500,-1.11
3624.667,-0.91
3625.833,-0.93
3627.000,-1.01
3632.333,0.04
3637.667,-0.29
3643.000,-0.93
3644.000,-1.35
3645.000,-1.15
3646.000,-1.30
3646.590,-2.15
3647.180,-1.82
3647.771,-2.02
3648.332,-2.27
3648.888,-2.14
3649.444,-2.25
3650.000,-1.23
3651.846,-1.22
3653.693,-1.16
3655.539,-0.72
3657.386,-0.87
3659.232,-1.30
3661.079,-0.98
3662.926,-0.51
3664.772,-0.19
3666.619,-0.63
3668.465,-0.20
3672.158,-0.82
3674.005,-0.65
3675.851,-0.52
3677.698,-1.04
3679.545,-0.37
3681.391,-1.08
3683.238,-1.55
3685.201,-0.32
3688.146,-0.73
3690.109,-0.75
3692.073,-0.61
3694.036,-1.05
3696.000,-0.63
3698.384,-1.32
3701.039,-1.14
3703.692,-2.19
3706.346,-1.76
3709.000,-0.70
3711.250,1.00
3713.500,0.26
3715.750,0.76
3718.000,0.56
3719.477,0.57
3720.954,-0.75
3722.302,-0.70
3723.524,-0.48
3724.745,-0.64
3726.000,-2.31
3731.333,-0.53
3736.667,-0.89
3742.000,-0.85
3743.333,-2.33
3744.667,-2.73
3746.000,-0.80
3750.000,-1.36
3754.000,-0.88
3755.524,-1.65
3757.029,-1.18
3758.514,-1.65
3760.000,-0.70
3762.154,-0.29
3763.231,-1.04
3764.308,0.15
3765.385,-0.69
3767.000,-1.15
3768.500,-1.30
3770.000,-1.27
3771.500,-1.92
3773.000,-1.33
3774.500,-1.59
3776.000,0.08
3777.571,0.04
3779.143,-0.64
3780.714,0.24
3783.857,0.40
3785.429,0.25
3787.000,-0.19
3789.400,-1.19
3791.800,-1.78
3794.200,-1.20
3796.600,-1.90
3799.000,-0.65
3802.667,-0.38
3806.333,-0.54
3810.000,-1.32
3811.429,-2.11
3812.857,-2.11
3814.286,-3.04
3815.714,-3.42
3817.143,-2.88
3818.571,-2.68
3820.000,-2.06
3824.000,-0.61
3828.000,-0.32
3832.000,-0.29
3833.500,-1.47
3836.500,-2.14
3838.000,-1.19
3847.087,-1.15
3850.391,-1.07
3853.696,-1.28
3857.000,-1.72
3858.000,-1.52
3859.000,-2.50
3860.000,-2.28
3861.000,-2.74
3864.125,0.00
3870.375,-0.63
3873.500,-1.39
3876.625,-0.71
3879.750,-1.07
3882.875,-1.19
3886.000,-0.77
3888.333,-1.73
3890.667,-1.50
3893.000,-0.84
3896.000,-1.31
3899.000,-0.39
3902.000,-0.40
3905.000,-0.24
3909.500,-1.02
3914.000,0.00
3916.200,0.71
3918.400,0.76
3920.600,0.26
3922.800,-0.77
3925.000,-0.79
3927.400,-2.07
3929.800,-2.33
3932.200,-2.52
3934.600,-2.70
3937.000,-0.32
3939.200,-0.86
3941.400,-0.54
3945.800,0.46
3948.000,0.19
3952.000,-0.56
3954.000,-1.06
3956.000,-0.23
3961.000,-0.44
3966.000,-0.88
3971.000,-0.98
3972.333,-0.95
3973.667,-1.11
3975.000,-0.59
3979.308,-0.26
3981.462,0.15
3983.615,0.24
3985.769,-0.32
3987.923,0.22
3990.077,-0.22
3992.231,-0.09
3994.385,-0.60
3996.538,-0.48
3998.692,-0.90
4000.846,-1.11
4003.000,-1.07
4005.250,-1.68
4007.500,-1.47
4012.000,-0.08
4022.000,0.17
4025.667,-1.61
4029.333,-0.58
4033.000,-0.21
4037.522,0.97
4039.783,0.56
4043.739,-1.26
4046.800,-1.34
4047.600,-1.04
4048.400,-2.02
4049.200,-1.91
4050.000,-0.12
4053.875,-0.46
4057.750,-1.28
4061.625,-1.31
4065.500,-1.26
4069.375,0.21
4073.250,0.34
4077.125,-1.54
4081.000,-1.20
4083.714,-1.79
4086.429,-1.75
4089.143,-1.63
4091.857,0.11
4094.571,-0.42
4097.286,-1.08
4100.000,0.54
4102.000,-0.42
4104.000,-0.55
4106.000,-0.06
4107.200,-1.92
4107.800,-1.61
4108.400,-1.84
4109.000,-0.21
4118.000,-1.00
4119.000,-1.62
4120.000,-1.73
4121.000,-1.28
4122.000,-1.45
4123.000,-0.95
4125.556,-0.71
4129.391,0.25
4131.947,-0.34
4134.503,-1.75
4137.059,-1.55
4139.615,-0.55
4142.172,-1.42
4144.728,-1.57
4147.284,-0.78
4231.000,-0.15
4233.000,-0.33
4235.000,0.56
4237.000,0.02
4243.000,-1.24
4247.956,0.36
4252.479,0.48
4257.000,-0.42
4259.250,-0.83
4261.499,-1.02
4263.750,-2.66
4266.000,-1.45
4268.546,-0.34
4271.681,-0.04
4275.011,-0.64
4278.341,-0.49
4281.671,-0.84
4285.000,-0.87
4287.250,-1.93
4289.500,-1.31
4291.750,-1.48
4294.000,0.27
4296.116,-0.23
4298.232,-0.02
4304.710,-1.66
4307.000,-0.64
4310.000,-2.05
4313.000,-0.71
4316.430,-0.88
4319.861,-0.36
4326.722,-1.91
4330.153,-1.32
4335.266,-1.90
4338.736,-0.72
4342.133,-0.04
4345.603,-0.50
4349.000,-0.59
4351.601,-1.24
4352.784,-1.17
4354.000,-0.53
4356.576,-0.50
4359.151,-0.26
4361.727,-0.28
4364.376,0.00
4366.952,-0.26
4369.527,-0.84
4372.176,-0.68
4374.752,-0.68
4377.328,-1.30
4379.903,-1.21
4382.552,-1.24
4385.128,-0.97
4387.704,-0.43
4390.353,-0.72
4392.928,-0.08
4398.153,0.31
4400.802,-0.83
4403.672,0.32
4409.559,0.09
4412.429,0.08
4418.243,-0.65
4421.186,-0.50
4424.056,-0.90
4427.000,-1.42
4435.835,-0.79
4439.759,-1.42
4443.684,-0.91
4451.531,-0.97
4455.457,-1.10
4459.380,-0.86
4463.304,-0.42
4467.227,-0.31
4471.151,-0.61
4475.075,-1.05
4479.000,-0.84
4480.644,-1.60
4482.429,-1.78
4484.215,-1.77
4486.000,-1.11
4487.556,-1.41
4489.111,-0.93
4490.667,-1.12
4492.222,-0.35
4493.778,-1.52
4495.333,-1.12
4496.889,-1.21
4498.445,-0.65
4500.000,-0.82
4502.591,-1.05
4504.924,-1.21
4507.000,-0.49
4509.639,-0.52
4512.277,-0.30
4514.917,0.08
4517.555,-0.82
4520.195,0.09
4522.834,-0.25
4525.472,-0.30
4528.112,-0.91
4530.750,0.26
4533.358,-0.51
4534.009,-0.99
4536.607,-0.83
4539.205,0.03
4541.803,-0.48
4544.402,-0.68
4547.000,-0.77
4548.250,-1.30
4549.500,-1.59
4550.750,-1.39
4553.250,-1.26
4554.500,-1.31
4555.750,-2.07
4557.000,-1.11
4562.333,-0.55
4567.667,-1.14
4573.000,-0.88
4574.017,-1.29
4575.345,-1.30
4576.672,-1.45
4578.000,-0.62
4580.750,-0.56
4583.500,-0.48
4589.000,0.00
4593.000,-0.63
4597.000,-1.45
4601.000,-0.35
4609.862,-0.41
4612.816,-0.37
4615.769,-0.42
4618.723,-0.53
4621.563,-1.32
4624.288,-1.22
4627.013,-1.37
4631.100,-0.50
4639.275,-0.98
4642.000,-0.08
4643.000,-1.07
4644.000,-1.37
4645.000,0.02
4649.432,-0.71
4654.212,0.22
4659.106,0.40
4664.000,0.13
4667.000,-1.19
4670.000,0.18
4673.750,0.42
4677.500,-0.11
4681.250,-0.11
4685.000,0.18
4687.000,-0.52
4689.000,-1.52
4691.000,0.09
4694.500,-0.71
4698.000,-0.21
4701.500,-0.86
4705.000,-0.07
4710.000,-2.09
4718.333,-2.03
4721.667,0.36
4725.000,-1.12
4728.333,-0.41
4731.667,-0.88
4735.000,-0.78
4739.500,-1.16
4744.000,-0.43
4746.462,-0.14
4752.000,-0.65
4754.000,-1.10
4756.000,-0.61
4758.000,-0.93
4760.250,-1.48
4762.000,-0.20
4764.411,0.33
4766.554,-0.04
4768.429,-0.24
4770.571,0.12
4772.714,-0.67
4774.857,-0.46
4777.000,-0.52
4779.824,-0.88
4786.848,-0.76
4790.215,-0.14
4794.063,-0.23
4797.911,-0.82
4801.759,-0.97
4805.608,-0.27
4809.456,-0.44
4813.304,0.67
4817.152,-0.61
4821.000,0.59
4822.500,-0.68
4824.000,-0.40
4825.500,-0.26
4827.000,0.54
4830.000,-0.12
4833.000,-0.03
4836.000,-0.40
4839.000,-0.50
4842.000,-0.79
4845.000,-0.80
4848.000,-0.62
4851.000,-0.52
4854.000,-0.83
4857.000,-0.34
4860.571,-0.32
4864.143,-0.45
4867.714,-1.05
4871.286,-0.56
4874.857,-0.96
4878.429,-0.95
4882.000,-0.32
4886.928,0.17
4891.856,-0.07
4896.785,0.14
4901.713,-0.58
4906.641,-0.46
4911.569,-0.33
4916.498,-0.38
4921.426,-0.56
4926.354,-0.99
4931.282,-1.37
4940.646,-0.69
4950.502,0.21
4955.431,-0.45
4965.287,-0.37
4970.215,-0.08
4975.144,-0.69
4985.000,-1.08
4989.606,-1.35
4994.212,-1.68
4998.818,-1.07
5004.000,-0.94
5006.365,-1.14
5009.000,-0.58
5010.986,-0.30
5012.972,0.14
5014.959,0.04
5016.945,0.13
5018.931,-0.13
5020.929,-1.04
5022.965,-1.38
5025.000,-2.53
5030.143,-2.16
5034.000,-0.15
5034.000,0.29
5036.571,-0.29
5039.143,-1.13
5043.000,-0.54
5045.400,-1.12
5047.800,-0.14
5050.200,0.08
5052.600,-0.22
5055.000,0.13
5057.800,-0.08
5060.600,0.27
5063.750,-0.90
5066.550,-1.04
5069.000,-2.05
5071.581,-0.61
5081.000,0.02
5084.222,-0.54
5087.444,-0.81
5090.667,-1.28
5093.889,-1.08
5097.111,-0.35
5100.333,-0.36
5103.556,-0.87
5106.778,-0.76
5110.000,-0.87
5112.600,-1.25
5115.200,-1.80
5117.800,-2.13
5120.725,-2.08
5123.000,-1.17