-5.30E+03,6.887
-5.30E+03,7.115
-5.30E+03,7.343
-5.30E+03,7.571
-5.30E+03,7.888
-5.30E+03,8.566
-5.29E+03,9.24
-5.29E+03,9.91
-5.29E+03,10.576
-5.29E+03,11.239
-5.29E+03,11.797
-5.29E+03,12.161
-5.29E+03,12.524
-5.29E+03,12.886
-5.29E+03,13.247
-5.29E+03,13.606
-5.28E+03,14.313
-5.28E+03,15.377
-5.28E+03,16.43
-5.28E+03,17.472
-5.28E+03,18.503
-5.28E+03,19.523
-5.28E+03,18.996
-5.28E+03,17.557
-5.28E+03,16.097
-5.28E+03,14.615
-5.27E+03,13.111
-5.27E+03,11.586
-5.27E+03,11.527
-5.27E+03,11.892
-5.27E+03,12.256
-5.27E+03,12.619
-5.27E+03,12.981
-5.27E+03,13.341
-5.27E+03,13.964
-5.27E+03,14.606
-5.26E+03,15.243
-5.26E+03,15.877
-5.26E+03,16.507
-5.26E+03,17.079
-5.26E+03,16.871
-5.26E+03,16.662
-5.26E+03,16.453
-5.26E+03,16.243
-5.26E+03,16.033
-5.26E+03,15.734
-5.25E+03,15.099
-5.25E+03,14.461
-5.25E+03,13.818
-5.25E+03,13.171
-5.25E+03,12.521
-5.25E+03,11.995
-5.25E+03,11.703
-5.25E+03,11.411
-5.25E+03,11.117
-5.25E+03,10.823
-5.24E+03,10.528
-5.24E+03,10.894
-5.24E+03,11.92
-5.24E+03,12.936
-5.24E+03,13.942
-5.24E+03,14.939
-5.24E+03,15.926
-5.24E+03,16.456
-5.24E+03,16.735
-5.24E+03,17.013
-5.23E+03,17.291
-5.23E+03,17.567
-5.23E+03,17.843
-5.23E+03,16.923
-5.23E+03,15.664
-5.23E+03,14.39
-5.23E+03,13.1
-5.23E+03,11.794
-5.23E+03,10.472
-5.23E+03,10.242
-5.22E+03,10.094
-5.22E+03,9.946
-5.22E+03,9.797
-5.22E+03,9.649
-5.22E+03,9.46
-5.22E+03,8.788
-5.22E+03,8.111
-5.22E+03,7.43
-5.22E+03,6.746
-5.22E+03,6.057
-5.21E+03,5.348
-5.21E+03,4.574
-5.21E+03,3.795
-5.21E+03,3.011
-5.21E+03,2.222
-5.21E+03,1.428
-5.21E+03,1.472
-5.21E+03,2.975
-5.21E+03,4.461
-5.21E+03,5.929
-5.20E+03,7.38
-5.20E+03,8.812
-5.20E+03,9.776
-5.20E+03,10.295
-5.20E+03,10.811
-5.20E+03,11.326
-5.20E+03,11.838
-5.20E+03,12.347
-5.20E+03,13.137
-5.20E+03,14.07
-5.19E+03,14.995
-5.19E+03,15.911
-5.19E+03,16.82
-5.19E+03,17.72
-5.19E+03,17.407
-5.19E+03,16.783
-5.19E+03,16.155
-5.19E+03,15.522
-5.19E+03,14.886
-5.19E+03,14.246
-5.18E+03,14.343
-5.18E+03,14.485
-5.18E+03,14.627
-5.18E+03,14.769
-5.18E+03,14.911
-5.18E+03,15.035
-5.18E+03,14.964
-5.18E+03,14.893
-5.18E+03,14.822
-5.18E+03,14.751
-5.17E+03,14.68
-5.17E+03,14.56
-5.17E+03,14.275
-5.17E+03,13.99
-5.17E+03,13.703
-5.17E+03,13.416
-5.17E+03,13.128
-5.17E+03,13.728
-5.17E+03,15.786
-5.17E+03,17.804
-5.16E+03,19.78
-5.16E+03,21.716
-5.16E+03,23.61
-5.16E+03,24.409
-5.16E+03,24.217
-5.16E+03,24.024
-5.16E+03,23.831
-5.16E+03,23.637
-5.16E+03,23.443
-5.16E+03,23.206
-5.15E+03,22.946
-5.15E+03,22.685
-5.15E+03,22.423
-5.15E+03,22.161
-5.15E+03,21.898
-5.15E+03,21.42
-5.15E+03,20.888
-5.15E+03,20.354
-5.15E+03,19.816
-5.15E+03,19.275
-5.14E+03,18.731
-5.14E+03,18.314
-5.14E+03,17.902
-5.14E+03,17.488
-5.14E+03,17.073
-5.14E+03,16.656
-5.14E+03,16.237
-5.14E+03,15.816
-5.14E+03,15.394
-5.14E+03,14.97
-5.13E+03,14.544
-5.13E+03,14.116
-5.13E+03,13.583
-5.13E+03,12.719
-5.13E+03,11.847
-5.13E+03,10.968
-5.13E+03,10.082
-5.13E+03,9.189
-5.13E+03,8.75
-5.13E+03,9.05
-5.12E+03,9.349
-5.12E+03,9.647
-5.12E+03,9.944
-5.12E+03,10.24
-5.12E+03,10.848
-5.12E+03,11.728
-5.12E+03,12.601
-5.12E+03,13.466
-5.12E+03,14.325
-5.12E+03,15.177
-5.11E+03,16.493
-5.11E+03,18.016
-5.11E+03,19.516
-5.11E+03,20.992
-5.11E+03,22.445
-5.11E+03,23.874
-5.11E+03,23.343
-5.11E+03,22.365
-5.11E+03,21.376
-5.11E+03,20.376
-5.10E+03,19.365
-5.10E+03,18.344
-5.10E+03,18.501
-5.10E+03,18.706
-5.10E+03,18.91
-5.10E+03,19.114
-5.10E+03,19.318
-5.10E+03,19.564
-5.10E+03,20.17
-5.10E+03,20.773
-5.09E+03,21.372
-5.09E+03,21.966
-5.09E+03,22.557
-5.09E+03,22.606
-5.09E+03,21.023
-5.09E+03,19.412
-5.09E+03,17.773
-5.09E+03,16.106
-5.09E+03,14.41
-5.09E+03,13.454
-5.08E+03,13.67
-5.08E+03,13.885
-5.08E+03,14.099
-5.08E+03,14.313
-5.08E+03,14.527
-5.08E+03,14.817
-5.08E+03,15.171
-5.08E+03,15.524
-5.08E+03,15.875
-5.08E+03,16.226
-5.07E+03,16.575
-5.07E+03,15.682
-5.07E+03,14.194
-5.07E+03,12.684
-5.07E+03,11.153
-5.07E+03,9.601
-5.07E+03,8.027
-5.07E+03,7.878
-5.07E+03,8.029
-5.07E+03,8.179
-5.06E+03,8.33
-5.06E+03,8.48
-5.06E+03,8.631
-5.06E+03,7.683
-5.06E+03,6.695
-5.06E+03,5.699
-5.06E+03,4.695
-5.06E+03,3.682
-5.06E+03,2.88
-5.06E+03,3.742
-5.05E+03,4.599
-5.05E+03,5.451
-5.05E+03,6.296
-5.05E+03,7.135
-5.05E+03,8.313
-5.05E+03,10.443
-5.05E+03,12.533
-5.05E+03,14.584
-5.05E+03,16.595
-5.05E+03,18.566
-5.04E+03,19.212
-5.04E+03,19.363
-5.04E+03,19.513
-5.04E+03,19.663
-5.04E+03,19.813
-5.04E+03,19.996
-5.04E+03,20.22
-5.04E+03,20.444
-5.04E+03,20.667
-5.04E+03,20.889
-5.03E+03,21.071
-5.03E+03,21.071
-5.03E+03,21.071
-5.03E+03,21.071
-5.03E+03,21.071
-5.03E+03,21.071
-5.03E+03,20.195
-5.03E+03,19.221
-5.03E+03,18.236
-5.03E+03,17.241
-5.02E+03,16.236
-5.02E+03,15.519
-5.02E+03,14.97
-5.02E+03,14.418
-5.02E+03,13.863
-5.02E+03,13.304
-5.02E+03,12.918
-5.02E+03,12.838
-5.02E+03,12.758
-5.02E+03,12.677
-5.01E+03,12.597
-5.01E+03,12.64
-5.01E+03,13.92
-5.01E+03,15.183
-5.01E+03,16.432
-5.01E+03,17.665
-5.01E+03,18.883
-5.01E+03,18.732
-5.01E+03,18.276
-5.01E+03,17.818
-5.00E+03,17.358
-5.00E+03,16.896
-5.00E+03,17.149
-5.00E+03,17.992
-5.00E+03,18.828
-5.00E+03,19.657
-5.00E+03,20.479
-5.00E+03,20.646
-5.00E+03,19.074
-5.00E+03,17.475
-4.99E+03,15.851
-4.99E+03,14.199
-4.99E+03,12.521
-4.99E+03,10.735
-4.99E+03,8.92
-4.99E+03,7.076
-4.99E+03,5.202
-4.99E+03,3.3
-4.99E+03,4.238
-4.99E+03,6.211
-4.98E+03,8.153
-4.98E+03,10.062
-4.98E+03,11.94
-4.98E+03,12.984
-4.98E+03,13.064
-4.98E+03,13.144
-4.98E+03,13.224
-4.98E+03,13.304
-4.98E+03,13.399
-4.98E+03,13.558
-4.97E+03,13.718
-4.97E+03,13.877
-4.97E+03,14.036
-4.97E+03,14.195
-4.97E+03,14.569
-4.97E+03,14.963
-4.97E+03,15.356
-4.97E+03,15.747
-4.97E+03,16.137
-4.97E+03,16.376
-4.96E+03,16.531
-4.96E+03,16.686
-4.96E+03,16.841
-4.96E+03,16.995
-4.96E+03,16.497
-4.96E+03,14.856
-4.96E+03,13.188
-4.96E+03,11.495
-4.96E+03,9.774
-4.96E+03,8.211
-4.95E+03,8.378
-4.95E+03,8.545
-4.95E+03,8.712
-4.95E+03,8.878
-4.95E+03,9.044
-4.95E+03,8.8
-4.95E+03,8.467
-4.95E+03,8.132
-4.95E+03,7.797
-4.95E+03,7.46
-4.94E+03,7.494
-4.94E+03,7.831
-4.94E+03,8.166
-4.94E+03,8.5
-4.94E+03,8.834
-4.94E+03,9.351
-4.94E+03,10.341
-4.94E+03,11.322
-4.94E+03,12.295
-4.94E+03,13.259
-4.93E+03,14.215
-4.93E+03,15.319
-4.93E+03,16.41
-4.93E+03,17.49
-4.93E+03,18.559
-4.93E+03,19.615
-4.93E+03,18.846
-4.93E+03,17.398
-4.93E+03,15.928
-4.93E+03,14.436
-4.92E+03,12.923
-4.92E+03,12.508
-4.92E+03,13.39
-4.92E+03,14.265
-4.92E+03,15.133
-4.92E+03,15.993
-4.92E+03,16.686
-4.92E+03,16.686
-4.92E+03,16.686
-4.92E+03,16.686
-4.91E+03,16.686
-4.91E+03,16.686
-4.91E+03,15.401
-4.91E+03,13.981
-4.91E+03,12.542
-4.91E+03,11.083
-4.91E+03,9.605
-4.91E+03,8.43
-4.91E+03,7.423
-4.91E+03,6.408
-4.90E+03,5.384
-4.90E+03,4.352
-4.90E+03,3.213
-4.90E+03,1.899
-4.90E+03,0.57
-4.90E+03,-0.771
-4.90E+03,-2.127
-4.90E+03,-3.331
-4.90E+03,-3.057
-4.90E+03,-2.783
-4.89E+03,-2.509
-4.89E+03,-2.236
-4.89E+03,-1.964
-4.89E+03,-1.244
-4.89E+03,-0.434
-4.89E+03,0.37
-4.89E+03,1.17
-4.89E+03,1.965
-4.89E+03,3.626
-4.89E+03,5.951
-4.88E+03,8.232
-4.88E+03,10.469
-4.88E+03,12.662
-4.88E+03,14.32
-4.88E+03,14.716
-4.88E+03,15.109
-4.88E+03,15.501
-4.88E+03,15.892
-4.88E+03,16.275
-4.88E+03,16.12
-4.87E+03,15.964
-4.87E+03,15.808
-4.87E+03,15.652
-4.87E+03,15.496
-4.87E+03,14.875
-4.87E+03,14.085
-4.87E+03,13.288
-4.87E+03,12.485
-4.87E+03,11.677
-4.87E+03,10.939
-4.86E+03,10.283
-4.86E+03,9.624
-4.86E+03,8.96
-4.86E+03,8.293
-4.86E+03,7.72
-4.86E+03,7.552
-4.86E+03,7.383
-4.86E+03,7.215
-4.86E+03,7.046
-4.86E+03,6.877
-4.85E+03,5.136
-4.85E+03,3.233
-4.85E+03,1.3
-4.85E+03,-0.662
-4.85E+03,-2.652
-4.85E+03,-3.002
-4.85E+03,-2.455
-4.85E+03,-1.91
-4.85E+03,-1.367
-4.85E+03,-0.827
-4.84E+03,0.212
-4.84E+03,2.06
-4.84E+03,3.881
-4.84E+03,5.677
-4.84E+03,7.447
-4.84E+03,8.879
-4.84E+03,9.638
-4.84E+03,10.392
-4.84E+03,11.141
-4.84E+03,11.885
-4.83E+03,12.82
-4.83E+03,13.826
-4.83E+03,14.823
-4.83E+03,15.809
-4.83E+03,16.704
-4.83E+03,16.881
-4.83E+03,17.057
-4.83E+03,17.234
-4.83E+03,17.409
-4.83E+03,16.623
-4.82E+03,14.836
-4.82E+03,13.018
-4.82E+03,11.168
-4.82E+03,9.286
-4.82E+03,8.057
-4.82E+03,6.9
-4.82E+03,5.733
-4.82E+03,4.554
-4.82E+03,3.699
-4.82E+03,3.699
-4.81E+03,3.699
-4.81E+03,3.699
-4.81E+03,3.699
-4.81E+03,4.763
-4.81E+03,6.329
-4.81E+03,7.876
-4.81E+03,9.402
-4.81E+03,10.812
-4.81E+03,10.812
-4.81E+03,10.812
-4.80E+03,10.812
-4.80E+03,10.812
-4.80E+03,10.94
-4.80E+03,11.22
-4.80E+03,11.5
-4.80E+03,11.778
-4.80E+03,12.056
-4.80E+03,12.333
-4.80E+03,12.61
-4.80E+03,12.886
-4.79E+03,13.161
-4.79E+03,13.237
-4.79E+03,12.687
-4.79E+03,12.134
-4.79E+03,11.577
-4.79E+03,11.018
-4.79E+03,10.753
-4.79E+03,10.659
-4.79E+03,10.565
-4.79E+03,10.472
-4.78E+03,10.341
-4.78E+03,8.732
-4.78E+03,7.1
-4.78E+03,5.446
-4.78E+03,3.769
-4.78E+03,2.654
-4.78E+03,2.353
-4.78E+03,2.052
-4.78E+03,1.749
-4.78E+03,1.446
-4.77E+03,3.014
-4.77E+03,4.997
-4.77E+03,6.948
-4.77E+03,8.868
-4.77E+03,10.531
-4.77E+03,11.279
-4.77E+03,12.022
-4.77E+03,12.76
-4.77E+03,13.493
-4.77E+03,14.113
-4.76E+03,14.656
-4.76E+03,15.197
-4.76E+03,15.734
-4.76E+03,16.269
-4.76E+03,14.689
-4.76E+03,13.052
-4.76E+03,11.389
-4.76E+03,9.7
-4.76E+03,8.922
-4.76E+03,9.681
-4.75E+03,10.435
-4.75E+03,11.183
-4.75E+03,11.927
-4.75E+03,12.453
-4.75E+03,12.913
-4.75E+03,13.371
-4.75E+03,13.827
-4.75E+03,13.946
-4.75E+03,12.297
-4.75E+03,10.622
-4.74E+03,8.922
-4.74E+03,7.196
-4.74E+03,6.147
-4.74E+03,5.659
-4.74E+03,5.169
-4.74E+03,4.677
-4.74E+03,4.183
-4.74E+03,4.249
-4.74E+03,4.348
-4.74E+03,4.447
-4.73E+03,4.546
-4.73E+03,5.208
-4.73E+03,6.963
-4.73E+03,8.692
-4.73E+03,10.395
-4.73E+03,12.073
-4.73E+03,11.985
-4.73E+03,11.242
-4.73E+03,10.493
-4.73E+03,9.74
-4.72E+03,9.2
-4.72E+03,10.24
-4.72E+03,11.27
-4.72E+03,12.29
-4.72E+03,13.301
-4.72E+03,13.556
-4.72E+03,13.099
-4.72E+03,12.64
-4.72E+03,12.178
-4.72E+03,11.715
-4.71E+03,10.318
-4.71E+03,8.804
-4.71E+03,7.27
-4.71E+03,5.716
-4.71E+03,4.758
-4.71E+03,5.249
-4.71E+03,5.739
-4.71E+03,6.227
-4.71E+03,6.713
-4.71E+03,6.261
-4.70E+03,5.382
-4.70E+03,4.496
-4.70E+03,3.604
-4.70E+03,2.869
-4.70E+03,3.964
-4.70E+03,5.051
-4.70E+03,6.127
-4.70E+03,7.194
-4.70E+03,8.659
-4.70E+03,10.551
-4.69E+03,12.411
-4.69E+03,14.24
-4.69E+03,16.037
-4.69E+03,15.814
-4.69E+03,15.277
-4.69E+03,14.737
-4.69E+03,14.195
-4.69E+03,13.93
-4.69E+03,14.474
-4.69E+03,15.016
-4.68E+03,15.554
-4.68E+03,16.09
-4.68E+03,15.64
-4.68E+03,14.652
-4.68E+03,13.654
-4.68E+03,12.646
-4.68E+03,11.706
-4.68E+03,12.538
-4.68E+03,13.364
-4.68E+03,14.184
-4.67E+03,14.997
-4.67E+03,14.479
-4.67E+03,12.193
-4.67E+03,9.858
-4.67E+03,7.474
-4.67E+03,5.041
-4.67E+03,4.937
-4.67E+03,5.329
-4.67E+03,5.721
-4.67E+03,6.112
-4.66E+03,6.754
-4.66E+03,8.295
-4.66E+03,9.816
-4.66E+03,11.316
-4.66E+03,12.797
-4.66E+03,13.258
-4.66E+03,13.075
-4.66E+03,12.891
-4.66E+03,12.707
-4.66E+03,12.524
-4.65E+03,12.524
-4.65E+03,12.524
-4.65E+03,12.524
-4.65E+03,12.524
-4.65E+03,12.269
-4.65E+03,11.621
-4.65E+03,10.969
-4.65E+03,10.313
-4.65E+03,9.653
-4.65E+03,9.585
-4.64E+03,9.68
-4.64E+03,9.774
-4.64E+03,9.869
-4.64E+03,9.896
-4.64E+03,9.613
-4.64E+03,9.328
-4.64E+03,9.044
-4.64E+03,8.758
-4.64E+03,8.581
-4.64E+03,8.485
-4.63E+03,8.39
-4.63E+03,8.294
-4.63E+03,8.198
-4.63E+03,7.363
-4.63E+03,6.492
-4.63E+03,5.614
-4.63E+03,4.73
-4.63E+03,4.331
-4.63E+03,4.824
-4.63E+03,5.316
-4.62E+03,5.805
-4.62E+03,6.293
-4.62E+03,7.211
-4.62E+03,8.269
-4.62E+03,9.317
-4.62E+03,10.355
-4.62E+03,11.217
-4.62E+03,11.03
-4.62E+03,10.843
-4.62E+03,10.656
-4.61E+03,10.468
-4.61E+03,10.38
-4.61E+03,10.38
-4.61E+03,10.38
-4.61E+03,10.38
-4.61E+03,10.38
-4.61E+03,9.51
-4.61E+03,8.56
-4.61E+03,7.601
-4.61E+03,6.635
-4.60E+03,5.937
-4.60E+03,5.839
-4.60E+03,5.742
-4.60E+03,5.644
-4.60E+03,5.546
-4.60E+03,5.171
-4.60E+03,4.679
-4.60E+03,4.185
-4.60E+03,3.689
-4.60E+03,3.416
-4.59E+03,5.196
-4.59E+03,6.951
-4.59E+03,8.68
-4.59E+03,10.384
-4.59E+03,11.471
-4.59E+03,11.935
-4.59E+03,12.397
-4.59E+03,12.857
-4.59E+03,13.316
-4.59E+03,12.641
-4.58E+03,11.81
-4.58E+03,10.972
-4.58E+03,10.128
-4.58E+03,9.822
-4.58E+03,10.949
-4.58E+03,12.065
-4.58E+03,13.17
-4.58E+03,14.263
-4.58E+03,14.746
-4.58E+03,14.926
-4.57E+03,15.106
-4.57E+03,15.286
-4.57E+03,15.491
-4.57E+03,16.116
-4.57E+03,16.737
-4.57E+03,17.355
-4.57E+03,17.968
-4.57E+03,18.068
-4.57E+03,17.543
-4.57E+03,17.015
-4.56E+03,16.484
-4.56E+03,15.951
-4.56E+03,14.199
-4.56E+03,12.185
-4.56E+03,10.133
-4.56E+03,8.042
-4.56E+03,6.53
-4.56E+03,7.015
-4.56E+03,7.497
-4.56E+03,7.978
-4.55E+03,8.457
-4.55E+03,8.814
-4.55E+03,9.1
-4.55E+03,9.384
-4.55E+03,9.668
-4.55E+03,9.985
-4.55E+03,12.04
-4.55E+03,14.057
-4.55E+03,16.036
-4.55E+03,17.977
-4.54E+03,18.391
-4.54E+03,16.636
-4.54E+03,14.849
-4.54E+03,13.031
-4.54E+03,11.181
-4.54E+03,11.262
-4.54E+03,11.82
-4.54E+03,12.375
-4.54E+03,12.927
-4.54E+03,13.12
-4.53E+03,11.829
-4.53E+03,10.524
-4.53E+03,9.202
-4.53E+03,7.866
-4.53E+03,7.025
-4.53E+03,6.541
-4.53E+03,6.054
-4.53E+03,5.566
-4.53E+03,5.075
-4.53E+03,5.257
-4.52E+03,5.453
-4.52E+03,5.649
-4.52E+03,5.845
-4.52E+03,5.967
-4.52E+03,5.967
-4.52E+03,5.967
-4.52E+03,5.967
-4.52E+03,5.967
-4.52E+03,7.191
-4.52E+03,8.775
-4.51E+03,10.338
-4.51E+03,11.879
-4.51E+03,13.399
-4.51E+03,13.644
-4.51E+03,13.447
-4.51E+03,13.249
-4.51E+03,13.051
-4.51E+03,12.853
-4.51E+03,12.654
-4.51E+03,12.729
-4.50E+03,13.324
-4.50E+03,13.915
-4.50E+03,14.503
-4.50E+03,15.087
-4.50E+03,15.669
-4.50E+03,16.247
-4.50E+03,16.216
-4.50E+03,16.152
-4.50E+03,16.088
-4.50E+03,16.024
-4.49E+03,15.96
-4.49E+03,15.895
-4.49E+03,15.937
-4.49E+03,16.066
-4.49E+03,16.194
-4.49E+03,16.322
-4.49E+03,16.45
-4.49E+03,16.578
-4.49E+03,16.686
-4.49E+03,16.686
-4.48E+03,16.686
-4.48E+03,16.686
-4.48E+03,16.686
-4.48E+03,16.686
-4.48E+03,16.686
-4.48E+03,16.201
-4.48E+03,15.559
-4.48E+03,14.912
-4.48E+03,14.261
-4.48E+03,13.606
-4.47E+03,12.947
-4.47E+03,12.332
-4.47E+03,11.799
-4.47E+03,11.263
-4.47E+03,10.724
-4.47E+03,10.183
-4.47E+03,9.64
-4.47E+03,9.093
-4.47E+03,9.929
-4.47E+03,10.809
-4.46E+03,11.681
-4.46E+03,12.548
-4.46E+03,13.407
-4.46E+03,14.259
-4.46E+03,14.699
-4.46E+03,14.829
-4.46E+03,14.959
-4.46E+03,15.089
-4.46E+03,15.218
-4.46E+03,15.347
-4.45E+03,15.41
-4.45E+03,15.152
-4.45E+03,14.893
-4.45E+03,14.633
-4.45E+03,14.372
-4.45E+03,14.111
-4.45E+03,13.849
-4.45E+03,13.993
-4.45E+03,14.254
-4.45E+03,14.515
-4.44E+03,14.775
-4.44E+03,15.035
-4.44E+03,15.294
-4.44E+03,15.308
-4.44E+03,14.92
-4.44E+03,14.53
-4.44E+03,14.138
-4.44E+03,13.745
-4.44E+03,13.351
-4.44E+03,12.955
-4.43E+03,12.753
-4.43E+03,12.554
-4.43E+03,12.355
-4.43E+03,12.155
-4.43E+03,11.955
-4.43E+03,11.755
-4.43E+03,11.044
-4.43E+03,9.963
-4.43E+03,8.871
-4.43E+03,7.768
-4.42E+03,6.655
-4.42E+03,5.532
-4.42E+03,4.744
-4.42E+03,5.452
-4.42E+03,6.156
-4.42E+03,6.856
-4.42E+03,7.551
-4.42E+03,8.243
-4.42E+03,8.931
-4.42E+03,8.803
-4.41E+03,8.459
-4.41E+03,8.115
-4.41E+03,7.769
-4.41E+03,7.422
-4.41E+03,7.074
-4.41E+03,7.111
-4.41E+03,7.736
-4.41E+03,8.357
-4.41E+03,8.975
-4.41E+03,9.59
-4.40E+03,10.202
-4.40E+03,10.811
-4.40E+03,11.187
-4.40E+03,11.561
-4.40E+03,11.934
-4.40E+03,12.306
-4.40E+03,12.677
-4.40E+03,13.188
-4.40E+03,14.085
-4.40E+03,14.975
-4.39E+03,15.856
-4.39E+03,16.731
-4.39E+03,17.561
-4.39E+03,18.109
-4.39E+03,18.653
-4.39E+03,19.195
-4.39E+03,19.733
-4.39E+03,20.269
-4.39E+03,18.66
-4.39E+03,16.939
-4.38E+03,15.186
-4.38E+03,13.404
-4.38E+03,11.59
-4.38E+03,11.849
-4.38E+03,12.592
-4.38E+03,13.331
-4.38E+03,14.064
-4.38E+03,14.793
-4.38E+03,14.723
-4.38E+03,14.238
-4.37E+03,13.75
-4.37E+03,13.26
-4.37E+03,12.768
-4.37E+03,12.023
-4.37E+03,11.025
-4.37E+03,10.018
-4.37E+03,9.002
-4.37E+03,7.977
-4.37E+03,7.43
-4.37E+03,7.775
-4.36E+03,8.118
-4.36E+03,8.46
-4.36E+03,8.802
-4.36E+03,9.312
-4.36E+03,10.493
-4.36E+03,11.662
-4.36E+03,12.818
-4.36E+03,13.963
-4.36E+03,15.06
-4.36E+03,15.461
-4.35E+03,15.861
-4.35E+03,16.26
-4.35E+03,16.656
-4.35E+03,17.051
-4.35E+03,16.881
-4.35E+03,16.643
-4.35E+03,16.406
-4.35E+03,16.167
-4.35E+03,15.928
-4.35E+03,16.693
-4.34E+03,17.795
-4.34E+03,18.885
-4.34E+03,19.962
-4.34E+03,21.027
-4.34E+03,20.925
-4.34E+03,20.012
-4.34E+03,19.089
-4.34E+03,18.158
-4.34E+03,17.218
-4.34E+03,16.164
-4.33E+03,14.964
-4.33E+03,13.749
-4.33E+03,12.52
-4.33E+03,11.277
-4.33E+03,10.787
-4.33E+03,12.201
-4.33E+03,13.597
-4.33E+03,14.975
-4.33E+03,16.334
-4.33E+03,17.488
-4.32E+03,17.409
-4.32E+03,17.33
-4.32E+03,17.252
-4.32E+03,17.173
-4.32E+03,17.094
-4.32E+03,17.015
-4.32E+03,16.936
-4.32E+03,16.857
-4.32E+03,16.778
-4.32E+03,16.699
-4.31E+03,16.62
-4.31E+03,16.541
-4.31E+03,16.461
-4.31E+03,16.382
-4.31E+03,16.303
-4.31E+03,16.169
-4.31E+03,16.01
-4.31E+03,15.851
-4.31E+03,15.691
-4.31E+03,15.531
-4.30E+03,14.781
-4.30E+03,13.483
-4.30E+03,12.168
-4.30E+03,10.837
-4.30E+03,9.491
-4.30E+03,8.667
-4.30E+03,8.752
-4.30E+03,8.837
-4.30E+03,8.922
-4.30E+03,9.007
-4.29E+03,9.092
-4.29E+03,9.177
-4.29E+03,9.262
-4.29E+03,9.347
-4.29E+03,9.432
-4.29E+03,9.55
-4.29E+03,10.141
-4.29E+03,10.729
-4.29E+03,11.314
-4.29E+03,11.895
-4.28E+03,12.474
-4.28E+03,12.899
-4.28E+03,13.309
-4.28E+03,13.717
-4.28E+03,14.124
-4.28E+03,14.529
-4.28E+03,13.637
-4.28E+03,12.324
-4.28E+03,10.995
-4.28E+03,9.651
-4.27E+03,8.289
-4.27E+03,8.691
-4.27E+03,10.215
-4.27E+03,11.72
-4.27E+03,13.204
-4.27E+03,14.667
-4.27E+03,15.162
-4.27E+03,14.517
-4.27E+03,13.868
-4.27E+03,13.215
-4.26E+03,12.558
-4.26E+03,12.123
-4.26E+03,12.206
-4.26E+03,12.289
-4.26E+03,12.371
-4.26E+03,12.454
-4.26E+03,12.336
-4.26E+03,11.091
-4.26E+03,9.832
-4.26E+03,8.558
-4.25E+03,7.271
-4.25E+03,5.969
-4.25E+03,6.923
-4.25E+03,7.871
-4.25E+03,8.812
-4.25E+03,9.745
-4.25E+03,10.671
-4.25E+03,10.315
-4.25E+03,9.725
-4.25E+03,9.132
-4.24E+03,8.536
-4.24E+03,7.936
-4.24E+03,7.931
-4.24E+03,8.189
-4.24E+03,8.445
-4.24E+03,8.701
-4.24E+03,8.957
-4.24E+03,9.074
-4.24E+03,9.074
-4.24E+03,9.074
-4.23E+03,9.074
-4.23E+03,9.074
-4.23E+03,9.47
-4.23E+03,10.482
-4.23E+03,11.485
-4.23E+03,12.478
-4.23E+03,13.463
-4.23E+03,14.074
-4.23E+03,13.504
-4.23E+03,12.931
-4.22E+03,12.355
-4.22E+03,11.776
-4.22E+03,11.228
-4.22E+03,11.062
-4.22E+03,10.894
-4.22E+03,10.727
-4.22E+03,10.559
-4.22E+03,10.391
-4.22E+03,11.548
-4.22E+03,12.788
-4.21E+03,14.014
-4.21E+03,15.226
-4.21E+03,16.423
-4.21E+03,15.756
-4.21E+03,14.55
-4.21E+03,13.331
-4.21E+03,12.097
-4.21E+03,10.849
-4.21E+03,10.169
-4.21E+03,9.832
-4.20E+03,9.494
-4.20E+03,9.154
-4.20E+03,8.814
-4.20E+03,8.351
-4.20E+03,7.751
-4.20E+03,7.148
-4.20E+03,6.541
-4.20E+03,5.932
-4.20E+03,5.714
-4.20E+03,6.325
-4.19E+03,6.932
-4.19E+03,7.537
-4.19E+03,8.138
-4.19E+03,8.765
-4.19E+03,9.53
-4.19E+03,10.289
-4.19E+03,11.043
-4.19E+03,11.792
-4.19E+03,12.536
-4.19E+03,13.275
-4.18E+03,14.009
-4.18E+03,14.738
-4.18E+03,15.462
-4.18E+03,16.18
-4.18E+03,16.208
-4.18E+03,16.129
-4.18E+03,16.049
-4.18E+03,15.969
-4.18E+03,15.89
-4.18E+03,15.182
-4.17E+03,14.213
-4.17E+03,13.236
-4.17E+03,12.249
-4.17E+03,11.253
-4.17E+03,10.484
-4.17E+03,9.894
-4.17E+03,9.302
-4.17E+03,8.707
-4.17E+03,8.109
-4.17E+03,7.963
-4.16E+03,8.476
-4.16E+03,8.988
-4.16E+03,9.497
-4.16E+03,10.004
-4.16E+03,10.144
-4.16E+03,9.214
-4.16E+03,8.277
-4.16E+03,7.331
-4.16E+03,6.379
-4.16E+03,5.472
-4.15E+03,5.033
-4.15E+03,4.593
-4.15E+03,4.151
-4.15E+03,3.707
-4.15E+03,3.262
-4.15E+03,3.663
-4.15E+03,4.107
-4.15E+03,4.549
-4.15E+03,4.989
-4.15E+03,5.428
-4.14E+03,6.422
-4.14E+03,7.547
-4.14E+03,8.661
-4.14E+03,9.764
-4.14E+03,10.857
-4.14E+03,11.565
-4.14E+03,12.062
-4.14E+03,12.558
-4.14E+03,13.051
-4.14E+03,13.542
-4.13E+03,13.549
-4.13E+03,13.058
-4.13E+03,12.565
-4.13E+03,12.07
-4.13E+03,11.572
-4.13E+03,11.696
-4.13E+03,13.016
-4.13E+03,14.32
-4.13E+03,15.608
-4.13E+03,16.881
-4.12E+03,17.637
-4.12E+03,16.215
-4.12E+03,14.774
-4.12E+03,13.312
-4.12E+03,11.829
-4.12E+03,10.398
-4.12E+03,10.901
-4.12E+03,11.401
-4.12E+03,11.9
-4.12E+03,12.396
-4.11E+03,12.89
-4.11E+03,13.165
-4.11E+03,13.41
-4.11E+03,13.655
-4.11E+03,13.899
-4.11E+03,14.143
-4.11E+03,14.445
-4.11E+03,14.768
-4.11E+03,15.091
-4.11E+03,15.412
-4.10E+03,15.732
-4.10E+03,15.82
-4.10E+03,15.741
-4.10E+03,15.661
-4.10E+03,15.581
-4.10E+03,15.501
-4.10E+03,15.489
-4.10E+03,15.569
-4.10E+03,15.649
-4.10E+03,15.729
-4.09E+03,15.809
-4.09E+03,15.429
-4.09E+03,13.814
-4.09E+03,12.173
-4.09E+03,10.507
-4.09E+03,8.816
-4.09E+03,7.309
-4.09E+03,7.309
-4.09E+03,7.309
-4.09E+03,7.309
-4.08E+03,7.309
-4.08E+03,7.309
-4.08E+03,7.643
-4.08E+03,7.986
-4.08E+03,8.329
-4.08E+03,8.671
-4.08E+03,9.011
-4.08E+03,9.212
-4.08E+03,9.382
-4.08E+03,9.551
-4.07E+03,9.721
-4.07E+03,9.889
-4.07E+03,9.89
-4.07E+03,9.806
-4.07E+03,9.721
-4.07E+03,9.637
-4.07E+03,9.552
-4.07E+03,9.251
-4.07E+03,8.741
-4.07E+03,8.228
-4.06E+03,7.713
-4.06E+03,7.196
-4.06E+03,7.081
-4.06E+03,7.684
-4.06E+03,8.285
-4.06E+03,8.882
-4.06E+03,9.477
-4.06E+03,9.79
-4.06E+03,9.027
-4.06E+03,8.259
-4.05E+03,7.486
-4.05E+03,6.708
-4.05E+03,5.986
-4.05E+03,6.335
-4.05E+03,6.682
-4.05E+03,7.029
-4.05E+03,7.374
-4.05E+03,7.719
-4.05E+03,7.753
-4.05E+03,7.753
-4.04E+03,7.753
-4.04E+03,7.753
-4.04E+03,7.753
-4.04E+03,7.107
-4.04E+03,6.239
-4.04E+03,5.366
-4.04E+03,4.486
-4.04E+03,3.599
-4.04E+03,3.027
-4.04E+03,2.669
-4.03E+03,2.31
-4.03E+03,1.95
-4.03E+03,1.589
-4.03E+03,1.509
-4.03E+03,1.779
-4.03E+03,2.05
-4.03E+03,2.32
-4.03E+03,2.589
-4.03E+03,2.91
-4.03E+03,3.356
-4.02E+03,3.801
-4.02E+03,4.244
-4.02E+03,4.686
-4.02E+03,5.187
-4.02E+03,6.062
-4.02E+03,6.931
-4.02E+03,7.794
-4.02E+03,8.65
-4.02E+03,9.5
-4.02E+03,9.092
-4.01E+03,8.667
-4.01E+03,8.239
-4.01E+03,7.811
-4.01E+03,7.38
-4.01E+03,8.169
-4.01E+03,9.193
-4.01E+03,10.207
-4.01E+03,11.212
-4.01E+03,12.209
-4.01E+03,12.467
-4.00E+03,12.385
-4.00E+03,12.302
-4.00E+03,12.22
-4.00E+03,12.137
-4.00E+03,11.219
-4.00E+03,9.539
-4.00E+03,7.833
-4.00E+03,6.102
-4.00E+03,4.347
-4.00E+03,3.004
-3.99E+03,2.377
-3.99E+03,1.747
-3.99E+03,1.114
-3.99E+03,0.477
-3.99E+03,-0.162
-3.99E+03,-0.805
-3.99E+03,-1.45
-3.99E+03,-2.099
-3.99E+03,-2.751
-3.99E+03,-3.317
-3.98E+03,-2.74
-3.98E+03,-2.165
-3.98E+03,-1.592
-3.98E+03,-1.022
-3.98E+03,-0.367
-3.98E+03,1.557
-3.98E+03,3.452
-3.98E+03,5.319
-3.98E+03,7.159
-3.98E+03,7.753
-3.97E+03,7.753
-3.97E+03,7.753
-3.97E+03,7.753
-3.97E+03,7.896
-3.97E+03,8.399
-3.97E+03,8.899
-3.97E+03,9.398
-3.97E+03,9.894
-3.97E+03,9.946
-3.97E+03,9.946
-3.96E+03,9.946
-3.96E+03,9.946
-3.96E+03,10.295
-3.96E+03,10.984
-3.96E+03,11.668
-3.96E+03,12.348
-3.96E+03,13.002
-3.96E+03,13.483
-3.96E+03,13.961
-3.96E+03,14.437
-3.95E+03,14.911
-3.95E+03,14.972
-3.95E+03,14.878
-3.95E+03,14.783
-3.95E+03,14.689
-3.95E+03,14.244
-3.95E+03,13.096
-3.95E+03,11.935
-3.95E+03,10.762
-3.95E+03,9.577
-3.94E+03,9.323
-3.94E+03,9.124
-3.94E+03,8.924
-3.94E+03,8.724
-3.94E+03,9.023
-3.94E+03,9.72
-3.94E+03,10.412
-3.94E+03,11.1
-3.94E+03,11.896
-3.94E+03,13.249
-3.93E+03,14.586
-3.93E+03,15.905
-3.93E+03,17.207
-3.93E+03,17.069
-3.93E+03,16.512
-3.93E+03,15.952
-3.93E+03,15.389
-3.93E+03,14.968
-3.93E+03,14.779
-3.93E+03,14.589
-3.92E+03,14.4
-3.92E+03,14.209
-3.92E+03,12.586
-3.92E+03,10.93
-3.92E+03,9.249
-3.92E+03,7.543
-3.92E+03,6.925
-3.92E+03,7.026
-3.92E+03,7.128
-3.92E+03,7.229
-3.91E+03,7.744
-3.91E+03,9.745
-3.91E+03,11.711
-3.91E+03,13.643
-3.91E+03,15.539
-3.91E+03,15.479
-3.91E+03,15.008
-3.91E+03,14.535
-3.91E+03,14.059
-3.91E+03,13.79
-3.90E+03,13.79
-3.90E+03,13.79
-3.90E+03,13.79
-3.90E+03,13.729
-3.90E+03,12.381
-3.90E+03,11.017
-3.90E+03,9.636
-3.90E+03,8.238
-3.90E+03,8.872
-3.90E+03,10.558
-3.89E+03,12.22
-3.89E+03,13.856
-3.89E+03,14.89
-3.89E+03,14.321
-3.89E+03,13.749
-3.89E+03,13.174
-3.89E+03,12.596
-3.89E+03,12.014
-3.89E+03,11.43
-3.89E+03,10.842
-3.88E+03,10.251
-3.88E+03,8.785
-3.88E+03,6.36
-3.88E+03,3.885
-3.88E+03,1.36
-3.88E+03,-0.871
-3.88E+03,0.098
-3.88E+03,1.06
-3.88E+03,2.015
-3.88E+03,2.963
-3.87E+03,3.166
-3.87E+03,3.061
-3.87E+03,2.956
-3.87E+03,2.851
-3.87E+03,3.606
-3.87E+03,6.183
-3.87E+03,8.705
-3.87E+03,11.174
-3.87E+03,13.589
-3.87E+03,15.041
-3.86E+03,15.041
-3.86E+03,15.041
-3.86E+03,15.041
-3.86E+03,15.041
-3.86E+03,15.026
-3.86E+03,14.946
-3.86E+03,14.866
-3.86E+03,14.786
-3.86E+03,14.706
-3.86E+03,14.626
-3.85E+03,14.784
-3.85E+03,14.944
-3.85E+03,15.103
-3.85E+03,15.262
-3.85E+03,15.421
-3.85E+03,15.58
-3.85E+03,15.738
-3.85E+03,15.897
-3.85E+03,16.055
-3.85E+03,16.212
-3.84E+03,15.389
-3.84E+03,13.868
-3.84E+03,12.325
-3.84E+03,10.759
-3.84E+03,9.171
-3.84E+03,7.494
-3.84E+03,5.688
-3.84E+03,3.854
-3.84E+03,1.993
-3.84E+03,0.105
-3.83E+03,-1.369
-3.83E+03,-1.004
-3.83E+03,-0.639
-3.83E+03,-0.275
-3.83E+03,0.088
-3.83E+03,0.45
-3.83E+03,2.5
-3.83E+03,4.528
-3.83E+03,6.524
-3.83E+03,8.488
-3.82E+03,10.418
-3.82E+03,10.746
-3.82E+03,10.663
-3.82E+03,10.58
-3.82E+03,10.497
-3.82E+03,10.414
-3.82E+03,10.132
-3.82E+03,9.714
-3.82E+03,9.295
-3.82E+03,8.873
-3.81E+03,8.451
-3.81E+03,8.027
-3.81E+03,7.601
-3.81E+03,7.174
-3.81E+03,6.745
-3.81E+03,6.314
-3.81E+03,6.137
-3.81E+03,6.998
-3.81E+03,7.852
-3.81E+03,8.7
-3.80E+03,9.542
-3.80E+03,10.378
-3.80E+03,8.623
-3.80E+03,6.834
-3.80E+03,5.017
-3.80E+03,3.173
-3.80E+03,1.302
-3.80E+03,1.994
-3.80E+03,3.326
-3.80E+03,4.644
-3.79E+03,5.948
-3.79E+03,7.239
-3.79E+03,8.211
-3.79E+03,8.972
-3.79E+03,9.728
-3.79E+03,10.479
-3.79E+03,11.226
-3.79E+03,11.408
-3.79E+03,10.746
-3.79E+03,10.08
-3.78E+03,9.41
-3.78E+03,8.736
-3.78E+03,8.144
-3.78E+03,7.889
-3.78E+03,7.633
-3.78E+03,7.377
-3.78E+03,7.12
-3.78E+03,6.863
-3.78E+03,6.777
-3.78E+03,6.691
-3.77E+03,6.605
-3.77E+03,6.519
-3.77E+03,6.433
-3.77E+03,7.79
-3.77E+03,9.481
-3.77E+03,11.147
-3.77E+03,12.789
-3.77E+03,14.405
-3.77E+03,14.848
-3.77E+03,14.528
-3.76E+03,14.207
-3.76E+03,13.886
-3.76E+03,13.563
-3.76E+03,13.206
-3.76E+03,12.799
-3.76E+03,12.391
-3.76E+03,11.982
-3.76E+03,11.571
-3.76E+03,11.074
-3.76E+03,10.243
-3.75E+03,9.406
-3.75E+03,8.563
-3.75E+03,7.714
-3.75E+03,6.858
-3.75E+03,5.824
-3.75E+03,4.78
-3.75E+03,3.728
-3.75E+03,2.667
-3.75E+03,1.597
-3.75E+03,3.111
-3.74E+03,5.217
-3.74E+03,7.287
-3.74E+03,9.322
-3.74E+03,11.321
-3.74E+03,12.247
-3.74E+03,12.493
-3.74E+03,12.737
-3.74E+03,12.982
-3.74E+03,13.225
-3.74E+03,13.138
-3.73E+03,12.568
-3.73E+03,11.995
-3.73E+03,11.42
-3.73E+03,10.841
-3.73E+03,10.674
-3.73E+03,12.077
-3.73E+03,13.462
-3.73E+03,14.829
-3.73E+03,16.178
-3.73E+03,17.488
-3.72E+03,16.393
-3.72E+03,15.285
-3.72E+03,14.166
-3.72E+03,13.034
-3.72E+03,11.89
-3.72E+03,9.518
-3.72E+03,6.802
-3.72E+03,4.022
-3.72E+03,1.179
-3.72E+03,-1.727
-3.71E+03,-2.82
-3.71E+03,-2.727
-3.71E+03,-2.635
-3.71E+03,-2.542
-3.71E+03,-2.45
-3.71E+03,-1.715
-3.71E+03,-0.072
-3.71E+03,1.55
-3.71E+03,3.152
-3.71E+03,4.735
-3.70E+03,6.059
-3.70E+03,6.49
-3.70E+03,6.92
-3.70E+03,7.348
-3.70E+03,7.775
-3.70E+03,8.198
-3.70E+03,8.452
-3.70E+03,8.706
-3.70E+03,8.959
-3.70E+03,9.212
-3.69E+03,9.464
-3.69E+03,10.191
-3.69E+03,11.022
-3.69E+03,11.847
-3.69E+03,12.666
-3.69E+03,13.478
-3.69E+03,13.492
-3.69E+03,13.005
-3.69E+03,12.516
-3.69E+03,12.025
-3.68E+03,11.532
-3.68E+03,11.002
-3.68E+03,10.421
-3.68E+03,9.837
-3.68E+03,9.25
-3.68E+03,8.659
-3.68E+03,7.901
-3.68E+03,6.532
-3.68E+03,5.147
-3.68E+03,3.746
-3.67E+03,2.329
-3.67E+03,0.885
-3.67E+03,-1.294
-3.67E+03,-3.508
-3.67E+03,-5.758
-3.67E+03,-8.043
-3.67E+03,-10.364
-3.67E+03,-10.392
-3.67E+03,-9.906
-3.67E+03,-9.421
-3.66E+03,-8.937
-3.66E+03,-8.456
-3.66E+03,-6.97
-3.66E+03,-4.889
-3.66E+03,-2.838
-3.66E+03,-0.817
-3.66E+03,1.174
-3.66E+03,2.468
-3.66E+03,2.828
-3.66E+03,3.186
-3.65E+03,3.543
-3.65E+03,3.899
-3.65E+03,4.602
-3.65E+03,6.189
-3.65E+03,7.756
-3.65E+03,9.302
-3.65E+03,10.827
-3.65E+03,12.072
-3.65E+03,11.906
-3.65E+03,11.739
-3.64E+03,11.572
-3.64E+03,11.405
-3.64E+03,11.223
-3.64E+03,10.635
-3.64E+03,10.043
-3.64E+03,9.448
-3.64E+03,8.85
-3.64E+03,8.249
-3.64E+03,6.299
-3.64E+03,4.18
-3.63E+03,2.025
-3.63E+03,-0.167
-3.63E+03,-2.396
-3.63E+03,-3.766
-3.63E+03,-4.905
-3.63E+03,-6.053
-3.63E+03,-7.211
-3.63E+03,-8.378
-3.63E+03,-8.254
-3.63E+03,-7.476
-3.62E+03,-6.702
-3.62E+03,-5.932
-3.62E+03,-5.166
-3.62E+03,-4.148
-3.62E+03,-2.92
-3.62E+03,-1.704
-3.62E+03,-0.498
-3.62E+03,0.696
-3.62E+03,1.994
-3.62E+03,3.435
-3.61E+03,4.86
-3.61E+03,6.269
-3.61E+03,7.662
-3.61E+03,8.912
-3.61E+03,9.85
-3.61E+03,10.78
-3.61E+03,11.702
-3.61E+03,12.617
-3.61E+03,13.145
-3.61E+03,11.818
-3.60E+03,10.475
-3.60E+03,9.116
-3.60E+03,7.741
-3.60E+03,6.454
-3.60E+03,7.238
-3.60E+03,8.017
-3.60E+03,8.79
-3.60E+03,9.559
-3.60E+03,10.323
-3.60E+03,10.458
-3.59E+03,10.542
-3.59E+03,10.627
-3.59E+03,10.711
-3.59E+03,10.795
-3.59E+03,9.728
-3.59E+03,8.36
-3.59E+03,6.975
-3.59E+03,5.575
-3.59E+03,4.158
-3.59E+03,3.638
-3.58E+03,3.549
-3.58E+03,3.459
-3.58E+03,3.369
-3.58E+03,3.28
-3.58E+03,3.14
-3.58E+03,2.961
-3.58E+03,2.781
-3.58E+03,2.6
-3.58E+03,2.42
-3.58E+03,3.25
-3.57E+03,5.385
-3.57E+03,7.483
-3.57E+03,9.544
-3.57E+03,11.569
-3.57E+03,13.075
-3.57E+03,13.486
-3.57E+03,13.896
-3.57E+03,14.304
-3.57E+03,14.711
-3.57E+03,14.8
-3.56E+03,13.495
-3.56E+03,12.172
-3.56E+03,10.834
-3.56E+03,9.48
-3.56E+03,8.146
-3.56E+03,7.368
-3.56E+03,6.585
-3.56E+03,5.797
-3.56E+03,5.003
-3.56E+03,4.204
-3.55E+03,4.323
-3.55E+03,4.501
-3.55E+03,4.678
-3.55E+03,4.855
-3.55E+03,5.032
-3.55E+03,5.137
-3.55E+03,5.225
-3.55E+03,5.314
-3.55E+03,5.402
-3.55E+03,5.49
-3.54E+03,6.126
-3.54E+03,6.999
-3.54E+03,7.866
-3.54E+03,8.727
-3.54E+03,9.581
-3.54E+03,10.38
-3.54E+03,11.138
-3.54E+03,11.891
-3.54E+03,12.639
-3.54E+03,13.381
-3.53E+03,13.46
-3.53E+03,12.718
-3.53E+03,11.971
-3.53E+03,11.219
-3.53E+03,10.462
-3.53E+03,9.589
-3.53E+03,8.477
-3.53E+03,7.355
-3.53E+03,6.222
-3.53E+03,5.078
-3.52E+03,4.084
-3.52E+03,3.727
-3.52E+03,3.369
-3.52E+03,3.01
-3.52E+03,2.65
-3.52E+03,2.366
-3.52E+03,2.997
-3.52E+03,3.625
-3.52E+03,4.249
-3.52E+03,4.87
-3.51E+03,5.489
-3.51E+03,6.104
-3.51E+03,6.716
-3.51E+03,7.325
-3.51E+03,7.931
-3.51E+03,8.533
-3.51E+03,9.133
-3.51E+03,9.73
-3.51E+03,10.323
-3.51E+03,10.913
-3.50E+03,11.5
-3.50E+03,11.789
-3.50E+03,11.956
-3.50E+03,12.123
-3.50E+03,12.289
-3.50E+03,12.455
-3.50E+03,12.62
-3.50E+03,12.786
-3.50E+03,12.951
-3.50E+03,13.116
-3.49E+03,13.281
-3.49E+03,12.875
-3.49E+03,11.796
-3.49E+03,10.706
-3.49E+03,9.605
-3.49E+03,8.494
-3.49E+03,7.986
-3.49E+03,8.675
-3.49E+03,9.359
-3.49E+03,10.039
-3.48E+03,10.715
-3.48E+03,11.206
-3.48E+03,11.038
-3.48E+03,10.87
-3.48E+03,10.702
-3.48E+03,10.533
-3.48E+03,10.466
-3.48E+03,11.39
-3.48E+03,12.308
-3.48E+03,13.217
-3.47E+03,14.119
-3.47E+03,15.013
-3.47E+03,14.805
-3.47E+03,14.562
-3.47E+03,14.318
-3.47E+03,14.073
-3.47E+03,13.828
-3.47E+03,12.606
-3.47E+03,11.189
-3.47E+03,9.754
-3.46E+03,8.3
-3.46E+03,6.828
-3.46E+03,5.528
-3.46E+03,4.289
-3.46E+03,3.037
-3.46E+03,1.773
-3.46E+03,0.496
-3.46E+03,0.861
-3.46E+03,2.315
-3.46E+03,3.753
-3.45E+03,5.174
-3.45E+03,6.579
-3.45E+03,7.474
-3.45E+03,7.82
-3.45E+03,8.165
-3.45E+03,8.509
-3.45E+03,8.852
-3.45E+03,8.802
-3.45E+03,8.028
-3.45E+03,7.249
-3.44E+03,6.465
-3.44E+03,5.676
-3.44E+03,5.228
-3.44E+03,5.932
-3.44E+03,6.632
-3.44E+03,7.328
-3.44E+03,8.02
-3.44E+03,8.763
-3.44E+03,9.957
-3.44E+03,11.138
-3.43E+03,12.307
-3.43E+03,13.463
-3.43E+03,14.607
-3.43E+03,14.625
-3.43E+03,14.625
-3.43E+03,14.625
-3.43E+03,14.625
-3.43E+03,14.625
-3.43E+03,13.147
-3.43E+03,11.403
-3.42E+03,9.63
-3.42E+03,7.83
-3.42E+03,6.002
-3.42E+03,4.931
-3.42E+03,4.132
-3.42E+03,3.328
-3.42E+03,2.518
-3.42E+03,1.704
-3.42E+03,1.946
-3.42E+03,2.849
-3.41E+03,3.746
-3.41E+03,4.636
-3.41E+03,5.52
-3.41E+03,6.441
-3.41E+03,7.398
-3.41E+03,8.348
-3.41E+03,9.291
-3.41E+03,10.225
-3.41E+03,10.533
-3.41E+03,9.771
-3.40E+03,9.004
-3.40E+03,8.231
-3.40E+03,7.454
-3.40E+03,6.735
-3.40E+03,6.211
-3.40E+03,5.684
-3.40E+03,5.155
-3.40E+03,4.624
-3.40E+03,4.167
-3.40E+03,4.256
-3.39E+03,4.345
-3.39E+03,4.433
-3.39E+03,4.522
-3.39E+03,4.611
-3.39E+03,5.053
-3.39E+03,5.495
-3.39E+03,5.934
-3.39E+03,6.373
-3.39E+03,6.809
-3.39E+03,6.252
-3.38E+03,5.549
-3.38E+03,4.843
-3.38E+03,4.132
-3.38E+03,3.418
-3.38E+03,2.631
-3.38E+03,1.817
-3.38E+03,0.998
-3.38E+03,0.174
-3.38E+03,-0.655
-3.38E+03,-1.548
-3.37E+03,-2.482
-3.37E+03,-3.422
-3.37E+03,-4.369
-3.37E+03,-5.321
-3.37E+03,-5.794
-3.37E+03,-5.794
-3.37E+03,-5.794
-3.37E+03,-5.794
-3.37E+03,-5.794
-3.37E+03,-5.062
-3.36E+03,-3.166
-3.36E+03,-1.296
-3.36E+03,0.549
-3.36E+03,2.368
-3.36E+03,3.791
-3.36E+03,4.148
-3.36E+03,4.504
-3.36E+03,4.859
-3.36E+03,5.212
-3.36E+03,5.445
-3.35E+03,4.915
-3.35E+03,4.383
-3.35E+03,3.848
-3.35E+03,3.311
-3.35E+03,2.773
-3.35E+03,2.322
-3.35E+03,1.87
-3.35E+03,1.416
-3.35E+03,0.96
-3.35E+03,0.502
-3.34E+03,0.778
-3.34E+03,1.143
-3.34E+03,1.508
-3.34E+03,1.871
-3.34E+03,2.233
-3.34E+03,1.413
-3.34E+03,0.225
-3.34E+03,-0.975
-3.34E+03,-2.184
-3.34E+03,-3.405
-3.33E+03,-4.453
-3.33E+03,-5.406
-3.33E+03,-6.366
-3.33E+03,-7.332
-3.33E+03,-8.304
-3.33E+03,-7.959
-3.33E+03,-6.41
-3.33E+03,-4.877
-3.33E+03,-3.361
-3.33E+03,-1.86
-3.32E+03,-0.817
-3.32E+03,-0.447
-3.32E+03,-0.079
-3.32E+03,0.289
-3.32E+03,0.656
-3.32E+03,0.946
-3.32E+03,1.037
-3.32E+03,1.128
-3.32E+03,1.22
-3.32E+03,1.311
-3.31E+03,1.526
-3.31E+03,2.432
-3.31E+03,3.331
-3.31E+03,4.225
-3.31E+03,5.112
-3.31E+03,5.938
-3.31E+03,4.88
-3.31E+03,3.813
-3.31E+03,2.737
-3.31E+03,1.651
-3.30E+03,0.556
-3.30E+03,-0.798
-3.30E+03,-2.193
-3.30E+03,-3.603
-3.30E+03,-5.027
-3.30E+03,-6.465
-3.30E+03,-7.158
-3.30E+03,-7.643
-3.30E+03,-8.13
-3.30E+03,-8.618
-3.29E+03,-9.107
-3.29E+03,-11.999
-3.29E+03,-16.228
-3.29E+03,-20.567
-3.29E+03,-24.623
-3.29E+03,-25.204
-3.29E+03,-25.787
-3.29E+03,-25.793
-3.29E+03,-24.05
-3.29E+03,-22.323
-3.28E+03,-19.423
-3.28E+03,-14.793
-3.28E+03,-10.291
-3.28E+03,-6.949
-3.28E+03,-4.538
-3.28E+03,-2.168
-3.28E+03,-2.248
-3.28E+03,-3.428
-3.28E+03,-4.619
-3.28E+03,-3.959
-3.27E+03,-2.943
-3.27E+03,-1.934
-3.27E+03,-2.743
-3.27E+03,-3.589
-3.27E+03,-4.112
-3.27E+03,-2.472
-3.27E+03,-0.851
-3.27E+03,0.751
-3.27E+03,2.334
-3.27E+03,3.209
-3.26E+03,3.137
-3.26E+03,3.065
-3.26E+03,2.993
-3.26E+03,2.921
-3.26E+03,2.849
-3.26E+03,2.819
-3.26E+03,3.826
-3.26E+03,4.826
-3.26E+03,5.817
-3.26E+03,6.801
-3.25E+03,7.776
-3.25E+03,8.743
-3.25E+03,9.029
-3.25E+03,8.96
-3.25E+03,8.891
-3.25E+03,8.823
-3.25E+03,8.754
-3.25E+03,8.685
-3.25E+03,8.635
-3.25E+03,8.635
-3.24E+03,8.635
-3.24E+03,8.635
-3.24E+03,8.635
-3.24E+03,8.635
-3.24E+03,8.635
-3.24E+03,7.401
-3.24E+03,6.001
-3.24E+03,4.584
-3.24E+03,3.151
-3.24E+03,1.702
-3.23E+03,0.236
-3.23E+03,-0.077
-3.23E+03,0.733
-3.23E+03,1.539
-3.23E+03,2.339
-3.23E+03,3.134
-3.23E+03,3.924
-3.23E+03,4.539
-3.23E+03,3.968
-3.23E+03,3.394
-3.22E+03,2.817
-3.22E+03,2.238
-3.22E+03,1.656
-3.22E+03,1.071
-3.22E+03,1.356
-3.22E+03,1.939
-3.22E+03,2.52
-3.22E+03,3.098
-3.22E+03,3.673
-3.22E+03,4.246
-3.21E+03,4.431
-3.21E+03,3.931
-3.21E+03,3.429
-3.21E+03,2.924
-3.21E+03,2.418
-3.21E+03,1.91
-3.21E+03,1.399
-3.21E+03,2.668
-3.21E+03,3.963
-3.21E+03,5.245
-3.20E+03,6.514
-3.20E+03,7.769
-3.20E+03,9.012
-3.20E+03,9.592
-3.20E+03,9.729
-3.20E+03,9.865
-3.20E+03,10.001
-3.20E+03,10.137
-3.20E+03,10.273
-3.20E+03,10.351
-3.19E+03,10.215
-3.19E+03,10.079
-3.19E+03,9.943
-3.19E+03,9.807
-3.19E+03,9.671
-3.19E+03,9.534
-3.19E+03,9.113
-3.19E+03,8.632
-3.19E+03,8.149
-3.19E+03,7.664
-3.18E+03,7.177
-3.18E+03,6.688
-3.18E+03,6.855
-3.18E+03,7.83
-3.18E+03,8.797
-3.18E+03,9.755
-3.18E+03,10.706
-3.18E+03,11.649
-3.18E+03,12.468
-3.18E+03,11.599
-3.17E+03,10.724
-3.17E+03,9.841
-3.17E+03,8.952
-3.17E+03,8.055
-3.17E+03,7.152
-3.17E+03,6.481
-3.17E+03,5.919
-3.17E+03,5.354
-3.17E+03,4.786
-3.17E+03,4.216
-3.16E+03,3.643
-3.16E+03,3.175
-3.16E+03,2.959
-3.16E+03,2.742
-3.16E+03,2.525
-3.16E+03,2.308
-3.16E+03,2.09
-3.16E+03,1.872
-3.16E+03,2.187
-3.16E+03,2.549
-3.15E+03,2.911
-3.15E+03,3.271
-3.15E+03,3.631
-3.15E+03,3.989
-3.15E+03,4.537
-3.15E+03,5.248
-3.15E+03,5.954
-3.15E+03,6.656
-3.15E+03,7.355
-3.15E+03,8.049
-3.14E+03,8.666
-3.14E+03,8.873
-3.14E+03,9.079
-3.14E+03,9.284
-3.14E+03,9.49
-3.14E+03,9.694
-3.14E+03,9.899
-3.14E+03,10.26
-3.14E+03,10.666
-3.14E+03,11.072
-3.13E+03,11.475
-3.13E+03,11.878
-3.13E+03,12.278
-3.13E+03,11.983
-3.13E+03,10.57
-3.13E+03,9.139
-3.13E+03,7.69
-3.13E+03,6.223
-3.13E+03,4.738
-3.13E+03,3.235
-3.12E+03,1.86
-3.12E+03,0.469
-3.12E+03,-0.936
-3.12E+03,-2.356
-3.12E+03,-3.791
-3.12E+03,-5.241
-3.12E+03,-5.938
-3.12E+03,-6.169
-3.12E+03,-6.401
-3.12E+03,-6.633
-3.11E+03,-6.865
-3.11E+03,-7.098
-3.11E+03,-7.406
-3.11E+03,-7.951
-3.11E+03,-8.499
-3.11E+03,-9.049
-3.11E+03,-9.601
-3.11E+03,-10.155
-3.11E+03,-10.711
-3.11E+03,-10.315
-3.10E+03,-9.761
-3.10E+03,-9.209
-3.10E+03,-8.658
-3.10E+03,-8.11
-3.10E+03,-7.563
-3.10E+03,-7.129
-3.10E+03,-6.819
-3.10E+03,-6.509
-3.10E+03,-6.2
-3.10E+03,-5.891
-3.09E+03,-5.583
-3.09E+03,-5.206
-3.09E+03,-4.127
-3.09E+03,-3.056
-3.09E+03,-1.994
-3.09E+03,-1.125
-3.09E+03,-0.465
-3.09E+03,0.192
-3.09E+03,1.336
-3.09E+03,2.789
-3.08E+03,4.225
-3.08E+03,5.417
-3.08E+03,6.512
-3.08E+03,7.598
-3.08E+03,7.488
-3.08E+03,7.179
-3.08E+03,6.869
-3.08E+03,5.326
-3.08E+03,3.743
-3.08E+03,2.317
-3.07E+03,2.317
-3.07E+03,2.317
-3.07E+03,3.231
-3.07E+03,7.013
-3.07E+03,10.678
-3.07E+03,12.14
-3.07E+03,9.893
-3.07E+03,7.601
-3.07E+03,6.34
-3.07E+03,6.184
-3.06E+03,6.027
-3.06E+03,6.064
-3.06E+03,6.22
-3.06E+03,6.376
-3.06E+03,6.88
-3.06E+03,7.499
-3.06E+03,8.116
-3.06E+03,9.526
-3.06E+03,11.034
-3.06E+03,12.522
-3.05E+03,9.683
-3.05E+03,6.766
-3.05E+03,3.893
-3.05E+03,1.783
-3.05E+03,-0.363
-3.05E+03,-2.543
-3.05E+03,-4.758
-3.05E+03,-4.593
-3.05E+03,-4.365
-3.05E+03,-4.137
-3.04E+03,-3.91
-3.04E+03,-3.209
-3.04E+03,-2.309
-3.04E+03,-1.414
-3.04E+03,-0.526
-3.04E+03,0.637
-3.04E+03,2.164
-3.04E+03,3.673
-3.04E+03,5.164
-3.04E+03,6.353
-3.03E+03,5.933
-3.03E+03,5.511
-3.03E+03,5.088
-3.03E+03,4.664
-3.03E+03,2.827
-3.03E+03,0.761
-3.03E+03,-1.338
-3.03E+03,-3.47
-3.03E+03,-5.497
-3.03E+03,-7.46
-3.02E+03,-9.45
-3.02E+03,-11.466
-3.02E+03,-12.955
-3.02E+03,-13.317
-3.02E+03,-13.68
-3.02E+03,-14.044
-3.02E+03,-14.35
-3.02E+03,-13.622
-3.02E+03,-12.898
-3.02E+03,-12.177
-3.01E+03,-11.459
-3.01E+03,-11.115
-3.01E+03,-10.877
-3.01E+03,-10.639
-3.01E+03,-10.402
-3.01E+03,-9.807
-3.01E+03,-8.866
-3.01E+03,-7.93
-3.01E+03,-7
-3.01E+03,-5.548
-3.00E+03,-2.371
-3.00E+03,0.492
-3.00E+03,0.931
-3.00E+03,1.368
-3.00E+03,1.18
-3.00E+03,0.961
-3.00E+03,1.457
-3.00E+03,2.109
-3.00E+03,2.758
-3.00E+03,3.404
-2.99E+03,4.626
-2.99E+03,6.316
-2.99E+03,5.695
-2.99E+03,1.623
-2.99E+03,-2.581
-2.99E+03,-6.917
-2.99E+03,-10.729
-2.99E+03,-10.255
-2.99E+03,-9.782
-2.99E+03,-10.957
-2.98E+03,-12.151
-2.98E+03,-9.269
-2.98E+03,-5.78
-2.98E+03,-4.323
-2.98E+03,-3.642
-2.98E+03,-4.018
-2.98E+03,-5.158
-2.98E+03,-3.865
-2.98E+03,0.379
-2.98E+03,3.108
-2.97E+03,2.676
-2.97E+03,2.685
-2.97E+03,4.827
-2.97E+03,6.76
-2.97E+03,3.584
-2.97E+03,0.326
-2.97E+03,1.357
-2.97E+03,2.876
-2.97E+03,7.093
-2.97E+03,11.99
-2.96E+03,13.668
-2.96E+03,13.471
-2.96E+03,12.123
-2.96E+03,9.5
-2.96E+03,8.54
-2.96E+03,10.782
-2.96E+03,12.524
-2.96E+03,12.524
-2.96E+03,12.323
-2.96E+03,9.501
-2.95E+03,6.608
-2.95E+03,4.802
-2.95E+03,3.052
-2.95E+03,1.02
-2.95E+03,-1.23
-2.95E+03,-3.517
-2.95E+03,-6.932
-2.95E+03,-10.611
-2.95E+03,-13.666
-2.95E+03,-12.155
-2.94E+03,-10.657
-2.94E+03,-9.024
-2.94E+03,-7.192
-2.94E+03,-5.383
-2.94E+03,-6.91
-2.94E+03,-10.031
-2.94E+03,-13.217
-2.94E+03,-13.353
-2.94E+03,-13.353
-2.94E+03,-13.397
-2.93E+03,-13.586
-2.93E+03,-13.776
-2.93E+03,-12.908
-2.93E+03,-11.03
-2.93E+03,-9.174
-2.93E+03,-9.928
-2.93E+03,-11.418
-2.93E+03,-12.634
-2.93E+03,-9.091
-2.93E+03,-5.628
-2.92E+03,-3.182
-2.92E+03,-2.652
-2.92E+03,-2.124
-2.92E+03,-2.023
-2.92E+03,-2.199
-2.92E+03,-2.375
-2.92E+03,-3.017
-2.92E+03,-3.726
-2.92E+03,-4.023
-2.92E+03,-2.078
-2.91E+03,-0.16
-2.91E+03,0.847
-2.91E+03,0.675
-2.91E+03,0.503
-2.91E+03,1.42
-2.91E+03,2.781
-2.91E+03,4.128
-2.91E+03,1.672
-2.91E+03,-0.914
-2.91E+03,-3.101
-2.90E+03,-3.988
-2.90E+03,-4.881
-2.90E+03,-6.736
-2.90E+03,-9.483
-2.90E+03,-12.281
-2.90E+03,-12.382
-2.90E+03,-11.818
-2.90E+03,-11.359
-2.90E+03,-12.109
-2.90E+03,-12.863
-2.89E+03,-13.019
-2.89E+03,-12.076
-2.89E+03,-11.139
-2.89E+03,-11.143
-2.89E+03,-11.704
-2.89E+03,-12.268
-2.89E+03,-12.153
-2.89E+03,-11.965
-2.89E+03,-11.017
-2.89E+03,-6.601
-2.88E+03,-2.314
-2.88E+03,-0.018
-2.88E+03,-0.018
-2.88E+03,-0.018
-2.88E+03,-9.00E-01
-2.88E+03,-2.124
-2.88E+03,-3.359
-2.88E+03,-3.536
-2.88E+03,-3.714
-2.88E+03,-4.137
-2.87E+03,-5.21
-2.87E+03,-6.291
-2.87E+03,-5.587
-2.87E+03,-3.443
-2.87E+03,-1.331
-2.87E+03,-0.105
-2.87E+03,0.929
-2.87E+03,1.616
-2.87E+03,-0.798
-2.87E+03,-3.255
-2.86E+03,-5.554
-2.86E+03,-7.548
-2.86E+03,-9.568
-2.86E+03,-10.043
-2.86E+03,-9.673
-2.86E+03,-9.303
-2.86E+03,-8.934
-2.86E+03,-8.566
-2.86E+03,-8.636
-2.86E+03,-10.485
-2.85E+03,-12.357
-2.85E+03,-12.281
-2.85E+03,-10.038
-2.85E+03,-7.829
-2.85E+03,-7.822
-2.85E+03,-8.555
-2.85E+03,-9.242
-2.85E+03,-7.773
-2.85E+03,-6.318
-2.85E+03,-4.931
-2.84E+03,-3.682
-2.84E+03,-2.44E+00
-2.84E+03,-0.918
-2.84E+03,0.812
-2.84E+03,2.519
-2.84E+03,3.636
-2.84E+03,4.641
-2.84E+03,5.417
-2.84E+03,4.585
-2.84E+03,3.748
-2.83E+03,3.506
-2.83E+03,4.178
-2.83E+03,4.846
-2.83E+03,4.73
-2.83E+03,4.229
-2.83E+03,3.726
-2.83E+03,1.94
-2.83E+03,0.052
-2.83E+03,-1.902
-2.83E+03,-4.022
-2.82E+03,-6.175
-2.82E+03,-7.908
-2.82E+03,-9.193
-2.82E+03,-10.49
-2.82E+03,-13.394
-2.82E+03,-16.842
-2.82E+03,-20.233
-2.82E+03,-20.826
-2.82E+03,-21.422
-2.82E+03,-21.765
-2.81E+03,-21.566
-2.81E+03,-21.367
-2.81E+03,-22.232
-2.81E+03,-23.837
-2.81E+03,-25.456
-2.81E+03,-26.557
-2.81E+03,-27.582
-2.81E+03,-28.349
-2.81E+03,-27.524
-2.81E+03,-26.704
-2.80E+03,-24.194
-2.80E+03,-19.412
-2.80E+03,-14.76
-2.80E+03,-12.047
-2.80E+03,-10.179
-2.80E+03,-8.333
-2.80E+03,-8.45
-2.80E+03,-8.634
-2.80E+03,-8.048
-2.80E+03,-5.136
-2.79E+03,-2.283
-2.79E+03,-0.786
-2.79E+03,0.142
-2.79E+03,0.835
-2.79E+03,0.282
-2.79E+03,-0.273
-2.79E+03,0.075
-2.79E+03,0.997
-2.79E+03,1.889
-2.79E+03,2.435
-2.78E+03,2.979
-2.78E+03,3.052
-2.78E+03,2.69
-2.78E+03,2.327
-2.78E+03,1.428
-2.78E+03,0.509
-2.78E+03,-0.656
-2.78E+03,-2.152
-2.78E+03,-3.666
-2.78E+03,-3.338
-2.77E+03,-2.77
-2.77E+03,-1.442
-2.77E+03,1.336
-2.77E+03,4.056
-2.77E+03,4.327
-2.77E+03,3.969
-2.77E+03,3.296
-2.77E+03,1.661
-2.77E+03,5.45E-03
-2.77E+03,-0.491
-2.76E+03,-0.491
-2.76E+03,-0.578
-2.76E+03,-1.137
-2.76E+03,-1.699
-2.76E+03,-0.658
-2.76E+03,1.373
-2.76E+03,3.203
-2.76E+03,2.66
-2.76E+03,2.115
-2.76E+03,1.663
-2.75E+03,1.297
-2.75E+03,0.929
-2.75E+03,2.349
-2.75E+03,3.796
-2.75E+03,4.919
-2.75E+03,5.63
-2.75E+03,6.336
-2.75E+03,5.477
-2.75E+03,4.408
-2.75E+03,4.371
-2.74E+03,6.324
-2.74E+03,8.246
-2.74E+03,6.695
-2.74E+03,4.212
-2.74E+03,2.59
-2.74E+03,3.675
-2.74E+03,4.75
-2.74E+03,3.169
-2.74E+03,0.429
-2.74E+03,-2.278
-2.73E+03,-4.556
-2.73E+03,-6.871
-2.73E+03,-8.738
-2.73E+03,-10.322
-2.73E+03,-12.006
-2.73E+03,-14.847
-2.73E+03,-17.74
-2.73E+03,-19.685
-2.73E+03,-20.742
-2.73E+03,-21.806
-2.72E+03,-24.141
-2.72E+03,-26.534
-2.72E+03,-28.191
-2.72E+03,-28.855
-2.72E+03,-29.521
-2.72E+03,-29.596
-2.72E+03,-29.596
-2.72E+03,-30.131
-2.72E+03,-31.7
-2.72E+03,-33.281
-2.71E+03,-31.619
-2.71E+03,-29.161
-2.71E+03,-27.01
-2.71E+03,-25.698
-2.71E+03,-24.394
-2.71E+03,-24.933
-2.71E+03,-26.241
-2.71E+03,-27.45
-2.71E+03,-28.112
-2.71E+03,-28.775
-2.70E+03,-24.835
-2.70E+03,-18.232
-2.70E+03,-12.51
-2.70E+03,-15.156
-2.70E+03,-17.845
-2.70E+03,-18.692
-2.70E+03,-17.856
-2.70E+03,-17.024
-2.70E+03,-17.824
-2.70E+03,-18.66
-2.69E+03,-18.403
-2.69E+03,-16.738
-2.69E+03,-15.089
-2.69E+03,-16.375
-2.69E+03,-18.037
-2.69E+03,-20.152
-2.69E+03,-23.136
-2.69E+03,-26.171
-2.69E+03,-25.561
-2.69E+03,-24.042
-2.68E+03,-22.155
-2.68E+03,-19.187
-2.68E+03,-16.27
-2.68E+03,-12.972
-2.68E+03,-9.568
-2.68E+03,-6.749
-2.68E+03,-6.554
-2.68E+03,-6.36
-2.68E+03,-4.618
-2.68E+03,-1.963
-2.67E+03,0.479
-2.67E+03,0.848
-2.67E+03,1.215
-2.67E+03,1.485
-2.67E+03,1.668
-2.67E+03,1.85
-2.67E+03,0.953
-2.67E+03,0.031
-2.67E+03,-0.572
-2.67E+03,-0.758
-2.66E+03,-0.944
-2.66E+03,2.324
-2.66E+03,5.91
-2.66E+03,7.106
-2.66E+03,3.915
-2.66E+03,0.64
-2.66E+03,1.312
-2.66E+03,2.951
-2.66E+03,3.185
-2.66E+03,-0.665
-2.65E+03,-4.63
-2.65E+03,-6.621
-2.65E+03,-7.79
-2.65E+03,-9.1
-2.65E+03,-11.087
-2.65E+03,-13.1
-2.65E+03,-16.161
-2.65E+03,-19.919
-2.65E+03,-23.71
-2.65E+03,-26.974
-2.64E+03,-30.296
-2.64E+03,-30.447
-2.64E+03,-27.783
-2.64E+03,-25.156
-2.64E+03,-23.837
-2.64E+03,-22.547
-2.64E+03,-20.147
-2.64E+03,-16.384
-2.64E+03,-12.705
-2.64E+03,-11.783
-2.63E+03,-11.181
-2.63E+03,-10.722
-2.63E+03,-10.522
-2.63E+03,-10.323
-2.63E+03,-6.961
-2.63E+03,-2.931
-2.63E+03,-0.162
-2.63E+03,-0.72
-2.63E+03,-1.279
-2.63E+03,-2.109
-2.62E+03,-3.053
-2.62E+03,-3.618
-2.62E+03,-2.293
-2.62E+03,-0.982
-2.62E+03,-0.838
-2.62E+03,-1.399
-2.62E+03,-2.181
-2.62E+03,-5.609
-2.62E+03,-9.121
-2.62E+03,-10.685
-2.61E+03,-10.486
-2.61E+03,-10.287
-2.61E+03,-14.263
-2.61E+03,-18.396
-2.61E+03,-20.558
-2.61E+03,-20.135
-2.61E+03,-19.713
-2.61E+03,-24.072
-2.61E+03,-29.11
-2.61E+03,-32.132
-2.60E+03,-31.232
-2.60E+03,-30.336
-2.60E+03,-31.065
-2.60E+03,-32.19
-2.60E+03,-33.262
-2.60E+03,-34.171
-2.60E+03,-35.084
-2.60E+03,-32.737
-2.60E+03,-29.151
-2.60E+03,-25.223
-2.59E+03,-19.446
-2.59E+03,-13.856
-2.59E+03,-11.56
-2.59E+03,-11.159
-2.59E+03,-10.759
-2.59E+03,-10.361
-2.59E+03,-9.963
-2.59E+03,-8.091
-2.59E+03,-4.987
-2.59E+03,-1.948
-2.58E+03,0.112
-2.58E+03,2.131
-2.58E+03,2.435
-2.58E+03,0.605
-2.58E+03,-1.251
-2.58E+03,-0.936
-2.58E+03,-0.378
-2.58E+03,-0.609
-2.58E+03,-2.294
-2.58E+03,-3.999
-2.57E+03,-5.725
-2.57E+03,-7.472
-2.57E+03,-9.084
-2.57E+03,-10.273
-2.57E+03,-11.471
-2.57E+03,-11.811
-2.57E+03,-11.811
-2.57E+03,-12.019
-2.57E+03,-13.231
-2.57E+03,-14.452
-2.56E+03,-16.2
-2.56E+03,-18.277
-2.56E+03,-19.773
-2.56E+03,-14.581
-2.56E+03,-9.55
-2.56E+03,-7.171
-2.56E+03,-6.977
-2.56E+03,-6.782
-2.56E+03,-7.166
-2.56E+03,-7.557
-2.55E+03,-8.123
-2.55E+03,-8.91
-2.55E+03,-9.7
-2.55E+03,-7.122
-2.55E+03,-4.228
-2.55E+03,-1.927
-2.55E+03,-0.619
-2.55E+03,0.677
-2.55E+03,1.367
-2.55E+03,1.916
-2.54E+03,1.882
-2.54E+03,0.229
-2.54E+03,-1.445
-2.54E+03,-3.003
-2.54E+03,-4.526
-2.54E+03,-6.743
-2.54E+03,-12.285
-2.54E+03,-18.029
-2.54E+03,-21.677
-2.54E+03,-24.038
-2.53E+03,-26.209
-2.53E+03,-25.993
-2.53E+03,-25.777
-2.53E+03,-27.709
-2.53E+03,-31.746
-2.53E+03,-35.868
-2.53E+03,-36.512
-2.53E+03,-35.678
-2.53E+03,-34.848
-2.53E+03,-37.378
-2.52E+03,-40.335
-2.52E+03,-43.258
-2.52E+03,-45.424
-2.52E+03,-47.612
-2.52E+03,-48.766
-2.52E+03,-47.225
-2.52E+03,-45.694
-2.52E+03,-45.608
-2.52E+03,-47.139
-2.52E+03,-48.68
-2.51E+03,-49.053
-2.51E+03,-48.832
-2.51E+03,-48.611
-2.51E+03,-44.275
-2.51E+03,-39.349
-2.51E+03,-34.634
-2.51E+03,-31.961
-2.51E+03,-29.325
-2.51E+03,-26.653
-2.51E+03,-23.8
-2.50E+03,-20.536
-2.50E+03,-13.614
-2.50E+03,-9.879
-2.50E+03,-11.616
-2.50E+03,-10.075
-2.50E+03,-6.375
-2.50E+03,-1.849
-2.50E+03,1.752
-2.50E+03,-5.041
-2.50E+03,-11.595
-2.49E+03,-17.221
-2.49E+03,-20.198
-2.49E+03,-21.12
-2.49E+03,-24.571
-2.49E+03,-28.658
-2.49E+03,-33.99
-2.49E+03,-41.554
-2.49E+03,-49.393
-2.49E+03,-47.825
-2.49E+03,-43.781
-2.48E+03,-40.51
-2.48E+03,-39.815
-2.48E+03,-39.121
-2.48E+03,-35.062
-2.48E+03,-29.265
-2.48E+03,-24.015
-2.48E+03,-24.015
-2.48E+03,-24.015
-2.48E+03,-22.649
-2.48E+03,-19.914
-2.47E+03,-17.223
-2.47E+03,-14.388
-2.47E+03,-11.586
-2.47E+03,-9.035
-2.47E+03,-6.904
-2.47E+03,-4.804
-2.47E+03,-4.182
-2.47E+03,-3.994
-2.47E+03,-3.62
-2.47E+03,-2.496
-2.46E+03,-1.382
-2.46E+03,-0.506
-2.46E+03,0.227
-2.46E+03,0.76
-2.46E+03,-2.557
-2.46E+03,-5.956
-2.46E+03,-7.773
-2.46E+03,-7.773
-2.46E+03,-7.773
-2.46E+03,-8.823
-2.45E+03,-9.996
-2.45E+03,-12.347
-2.45E+03,-17.203
-2.45E+03,-22.205
-2.45E+03,-24.108
-2.45E+03,-24.964
-2.45E+03,-26.365
-2.45E+03,-30.3
-2.45E+03,-34.317
-2.45E+03,-36.479
-2.44E+03,-37.392
-2.44E+03,-38.316
-2.44E+03,-39.468
-2.44E+03,-40.627
-2.44E+03,-41.366
-2.44E+03,-41.6
-2.44E+03,-41.833
-2.44E+03,-44.557
-2.44E+03,-47.654
-2.44E+03,-49.45
-2.43E+03,-48.244
-2.43E+03,-47.045
-2.43E+03,-48.133
-2.43E+03,-50.064
-2.43E+03,-50.766
-2.43E+03,-45.004
-2.43E+03,-39.387
-2.43E+03,-33.521
-2.43E+03,-27.55
-2.43E+03,-21.788
-2.42E+03,-18.238
-2.42E+03,-14.761
-2.42E+03,-13.187
-2.42E+03,-13.991
-2.42E+03,-14.798
-2.42E+03,-11.792
-2.42E+03,-8.258
-2.42E+03,-5.684
-2.42E+03,-5.303
-2.42E+03,-4.923
-2.41E+03,-5.358
-2.41E+03,-6.121
-2.41E+03,-6.78
-2.41E+03,-6.78
-2.41E+03,-6.78
-2.41E+03,-5.912
-2.41E+03,-4.392
-2.41E+03,-2.887
-2.41E+03,-5.121
-2.41E+03,-7.419
-2.40E+03,-11.072
-2.40E+03,-16.707
-2.40E+03,-22.54
-2.40E+03,-23.106
-2.40E+03,-22.682
-2.40E+03,-21.289
-2.40E+03,-17.338
-2.40E+03,-13.478
-2.40E+03,-12.046
-2.40E+03,-11.648
-2.39E+03,-11.18
-2.39E+03,-10.193
-2.39E+03,-9.213
-2.39E+03,-10.814
-2.39E+03,-14.61
-2.39E+03,-18.497
-2.39E+03,-17.394
-2.39E+03,-16.165
-2.39E+03,-14.945
-2.39E+03,-13.734
-2.38E+03,-12.532
-2.38E+03,-9.874
-2.38E+03,-6.96
-2.38E+03,-4.387
-2.38E+03,-2.696
-2.38E+03,-1.025
-2.38E+03,-2.118
-2.38E+03,-4.557
-2.38E+03,-6.8
-2.38E+03,-6.993
-2.37E+03,-7.185
-2.37E+03,-7.378
-2.37E+03,-7.571
-2.37E+03,-7.764
-2.37E+03,-12.274
-2.37E+03,-17.128
-2.37E+03,-20.925
-2.37E+03,-22.824
-2.37E+03,-24.744
-2.37E+03,-23.233
-2.36E+03,-20.925
-2.36E+03,-24.596
-2.36E+03,-31.184
-2.36E+03,-31.617
-2.36E+03,-28.562
-2.36E+03,-29.974
-2.36E+03,-34.467
-2.36E+03,-37.148
-2.36E+03,-38.302
-2.36E+03,-36.536
-2.35E+03,-31.997
-2.35E+03,-28.576
-2.35E+03,-26.384
-2.35E+03,-23.546
-2.35E+03,-19.831
-2.35E+03,-14.389
-2.35E+03,-6.22
-2.35E+03,-1.878
-2.35E+03,-4.71
-2.35E+03,-6.508
-2.34E+03,-5.545
-2.34E+03,-4.082
-2.34E+03,-1.03
-2.34E+03,0.994
-2.34E+03,-1.081
-2.34E+03,-3.223
-2.34E+03,-5.602
-2.34E+03,-8.096
-2.34E+03,-11.303
-2.34E+03,-14.546
-2.33E+03,-17.34
-2.33E+03,-20.182
-2.33E+03,-20.746
-2.33E+03,-20.746
-2.33E+03,-20.54
-2.33E+03,-18.175
-2.33E+03,-15.842
-2.33E+03,-14.955
-2.33E+03,-16.498
-2.33E+03,-18.056
-2.32E+03,-20.661
-2.32E+03,-23.867
-2.32E+03,-27.131
-2.32E+03,-27.151
-2.32E+03,-26.945
-2.32E+03,-26.739
-2.32E+03,-26.534
-2.32E+03,-26.329
-2.32E+03,-25.816
-2.32E+03,-25.001
-2.31E+03,-24.189
-2.31E+03,-22.591
-2.31E+03,-20.793
-2.31E+03,-18.893
-2.31E+03,-15.392
-2.31E+03,-11.964
-2.31E+03,-9.258
-2.31E+03,-7.784
-2.31E+03,-6.325
-2.31E+03,-5.909
-2.30E+03,-6.09
-2.30E+03,-6.272
-2.30E+03,-4.961
-2.30E+03,-3.53
-2.30E+03,-2.361
-2.30E+03,-2.184
-2.30E+03,-2.008
-2.30E+03,-3.456
-2.30E+03,-6.695
-2.30E+03,-10.007
-2.29E+03,-10.935
-2.29E+03,-11.122
-2.29E+03,-11.504
-2.29E+03,-15.691
-2.29E+03,-19.988
-2.29E+03,-22.985
-2.29E+03,-23.186
-2.29E+03,-23.388
-2.29E+03,-24.836
-2.29E+03,-27.086
-2.28E+03,-29.363
-2.28E+03,-31.668
-2.28E+03,-34
-2.28E+03,-35.655
-2.28E+03,-34.156
-2.28E+03,-32.668
-2.28E+03,-31.484
-2.28E+03,-30.643
-2.28E+03,-29.807
-2.28E+03,-30.69
-2.27E+03,-32.164
-2.27E+03,-33.361
-2.27E+03,-25.651
-2.27E+03,-18.251
-2.27E+03,-13.233
-2.27E+03,-12.854
-2.27E+03,-12.475
-2.27E+03,-11.088
-2.27E+03,-9.041
-2.27E+03,-7.021
-2.26E+03,-8.068
-2.26E+03,-9.544
-2.26E+03,-10.335
-2.26E+03,-7.564
-2.26E+03,-4.844
-2.26E+03,-2.647
-2.26E+03,-1.064
-2.26E+03,0.5
-2.26E+03,-0.468
-2.26E+03,-2.396
-2.25E+03,-4.343
-2.25E+03,-5.602
-2.25E+03,-6.871
-2.25E+03,-8.098
-2.25E+03,-9.204
-2.25E+03,-10.319
-2.25E+03,-12.531
-2.25E+03,-15.585
-2.25E+03,-18.698
-2.25E+03,-21.009
-2.24E+03,-23.211
-2.24E+03,-25.353
-2.24E+03,-26.991
-2.24E+03,-28.643
-2.24E+03,-30.221
-2.24E+03,-31.691
-2.24E+03,-33.172
-2.24E+03,-35.73
-2.24E+03,-38.763
-2.24E+03,-41.841
-2.23E+03,-37.291
-2.23E+03,-32.79
-2.23E+03,-28.217
-2.23E+03,-23.314
-2.23E+03,-18.542
-2.23E+03,-15.724
-2.23E+03,-14.379
-2.23E+03,-13.046
-2.23E+03,-12.359
-2.23E+03,-11.793
-2.22E+03,-11.206
-2.22E+03,-10.458
-2.22E+03,-9.713
-2.22E+03,-9.048
-2.22E+03,-8.494
-2.22E+03,-7.943
-2.22E+03,-9.047
-2.22E+03,-10.907
-2.22E+03,-12.789
-2.22E+03,-14.321
-2.21E+03,-15.858
-2.21E+03,-17.209
-2.21E+03,-17.989
-2.21E+03,-18.773
-2.21E+03,-18.921
-2.21E+03,-18.528
-2.21E+03,-18.137
-2.21E+03,-15.985
-2.21E+03,-13.493
-2.21E+03,-11.562
-2.20E+03,-14.024
-2.20E+03,-16.524
-2.20E+03,-18.144
-2.20E+03,-18.34
-2.20E+03,-18.536
-2.20E+03,-20.459
-2.20E+03,-23.258
-2.20E+03,-26.102
-2.20E+03,-27.998
-2.20E+03,-29.868
-2.19E+03,-31.454
-2.19E+03,-32.087
-2.19E+03,-32.721
-2.19E+03,-32.69
-2.19E+03,-32.05
-2.19E+03,-31.412
-2.19E+03,-30.034
-2.19E+03,-28.513
-2.19E+03,-26.555
-2.19E+03,-24.319
-2.18E+03,-21.843
-2.18E+03,-18.945
-2.18E+03,-15.903
-2.18E+03,-11.724
-2.18E+03,-7.654
-2.18E+03,-8.084
-2.18E+03,-8.982
-2.18E+03,-9.123
-2.18E+03,-8.897
-2.18E+03,-8.274
-2.17E+03,-7.158
-2.17E+03,-6.95
-2.17E+03,-10.091
-2.17E+03,-13.298
-2.17E+03,-14.724
-2.17E+03,-16.131
-2.17E+03,-18.446
-2.17E+03,-21.093
-2.17E+03,-22.628
-2.17E+03,-23.118
-2.16E+03,-24.039
-2.16E+03,-26.022
-2.16E+03,-28.073
-2.16E+03,-30.864
-2.16E+03,-33.697
-2.16E+03,-35.481
-2.16E+03,-37.056
-2.16E+03,-41.047
-2.16E+03,-46.763
-2.16E+03,-49.93
-2.15E+03,-48.536
-2.15E+03,-47.84
-2.15E+03,-51.47
-2.15E+03,-55.157
-2.15E+03,-55.24
-2.15E+03,-54.954
-2.15E+03,-53.513
-2.15E+03,-51.534
-2.15E+03,-48.577
-2.15E+03,-44.446
-2.14E+03,-38.95
-2.14E+03,-28.577
-2.14E+03,-18.741
-2.14E+03,-14.874
-2.14E+03,-11.178
-2.14E+03,-6.728
-2.14E+03,-2.147
-2.14E+03,-1.242
-2.14E+03,-3.608
-2.14E+03,-4.982
-2.13E+03,-3.891
-2.13E+03,-2.876
-2.13E+03,-2.876
-2.13E+03,-2.876
-2.13E+03,-3.416
-2.13E+03,-4.068
-2.13E+03,-6.309
-2.13E+03,-9.663
-2.13E+03,-12.066
-2.13E+03,-12.757
-2.12E+03,-13.939
-2.12E+03,-18.175
-2.12E+03,-22.521
-2.12E+03,-22.918
-2.12E+03,-22.918
-2.12E+03,-23.585
-2.12E+03,-24.571
-2.12E+03,-22.687
-2.12E+03,-17.385
-2.12E+03,-13.353
-2.11E+03,-13.353
-2.11E+03,-13.353
-2.11E+03,-13.581
-2.11E+03,-13.813
-2.11E+03,-15.993
-2.11E+03,-18.84
-2.11E+03,-20.588
-2.11E+03,-21.315
-2.11E+03,-21.039
-2.11E+03,-18.393
-2.10E+03,-15.788
-2.10E+03,-13.223
-2.10E+03,-10.699
-2.10E+03,-10.663
-2.10E+03,-11.119
-2.10E+03,-11.715
-2.10E+03,-12.403
-2.10E+03,-14.047
-2.10E+03,-17.335
-2.10E+03,-20.447
-2.09E+03,-22.147
-2.09E+03,-23.862
-2.09E+03,-28.105
-2.09E+03,-32.695
-2.09E+03,-33.651
-2.09E+03,-32.875
-2.09E+03,-34.082
-2.09E+03,-37.752
-2.09E+03,-40.484
-2.09E+03,-39.682
-2.08E+03,-38.882
-2.08E+03,-43.932
-2.08E+03,-49.166
-2.08E+03,-50.659
-2.08E+03,-50.94
-2.08E+03,-52.859
-2.08E+03,-56.28
-2.08E+03,-58.19
-2.08E+03,-56.445
-2.08E+03,-54.711
-2.07E+03,-53.866
-2.07E+03,-53.366
-2.07E+03,-52.866
-2.07E+03,-52.368
-2.07E+03,-52.329
-2.07E+03,-52.329
-2.07E+03,-52.329
-2.07E+03,-51.721
-2.07E+03,-46.81
-2.07E+03,-42.003
-2.06E+03,-37.301
-2.06E+03,-33.49
-2.06E+03,-31.371
-2.06E+03,-29.275
-2.06E+03,-27.202
-2.06E+03,-26.073
-2.06E+03,-25.781
-2.06E+03,-25.488
-2.06E+03,-25.197
-2.06E+03,-23.85
-2.05E+03,-22.123
-2.05E+03,-20.413
-2.05E+03,-18.719
-2.05E+03,-18.861
-2.05E+03,-19.142
-2.05E+03,-19.424
-2.05E+03,-19.836
-2.05E+03,-21.113
-2.05E+03,-22.4
-2.05E+03,-23.695
-2.04E+03,-24.904
-2.04E+03,-25.925
-2.04E+03,-26.951
-2.04E+03,-27.984
-2.04E+03,-29.579
-2.04E+03,-31.678
-2.04E+03,-33.8
-2.04E+03,-35.945
-2.04E+03,-33.132
-2.04E+03,-28.628
-2.03E+03,-24.228
-2.03E+03,-19.933
-2.03E+03,-20.333
-2.03E+03,-21.043
-2.03E+03,-21.757
-2.03E+03,-22.293
-2.03E+03,-21.72
-2.03E+03,-21.149
-2.03E+03,-20.58
-2.03E+03,-19.869
-2.02E+03,-18.882
-2.02E+03,-17.9
-2.02E+03,-16.925
-2.02E+03,-14.982
-2.02E+03,-12.259
-2.02E+03,-9.581
-2.02E+03,-6.95
-2.02E+03,-6.093
-2.02E+03,-5.834
-2.02E+03,-5.576
-2.01E+03,-5.318
-2.01E+03,-6.529
-2.01E+03,-7.835
-2.01E+03,-9.153
-2.01E+03,-9.889
-2.01E+03,-7.253
-2.01E+03,-4.663
-2.01E+03,-2.119
-2.01E+03,-1.453
-2.01E+03,-4.24
-2.00E+03,-7.083
-2.00E+03,-9.983
-2.00E+03,-12.28
-2.00E+03,-14.073
-2.00E+03,-15.885
-2.00E+03,-16.67
-2.00E+03,-15.794
-2.00E+03,-20.069
-2.00E+03,-28.312
-2.00E+03,-25.779
-1.99E+03,-20.317
-1.99E+03,-17.883
-1.99E+03,-17.721
-1.99E+03,-28.024
-1.99E+03,-35.126
-1.99E+03,-36.098
-1.99E+03,-34.472
-1.99E+03,-30.959
-1.99E+03,-31.138
-1.99E+03,-32.41
-1.98E+03,-27.565
-1.98E+03,-22.908
-1.98E+03,-19.603
-1.98E+03,-18.613
-1.98E+03,-21.597
-1.98E+03,-22.407
-1.98E+03,-21.502
-1.98E+03,-18.34
-1.98E+03,-14.544
-1.98E+03,-10.025
-1.97E+03,-6.372
-1.97E+03,-6.921
-1.97E+03,-6.789
-1.97E+03,-5.422
-1.97E+03,-6.621
-1.97E+03,-9.949
-1.97E+03,-12.921
-1.97E+03,-15.805
-1.97E+03,-14.581
-1.97E+03,-14.403
-1.96E+03,-21.775
-1.96E+03,-25.298
-1.96E+03,-21.047
-1.96E+03,-21.238
-1.96E+03,-25.186
-1.96E+03,-29.919
-1.96E+03,-35.023
-1.96E+03,-34.134
-1.96E+03,-32.634
-1.96E+03,-29.782
-1.95E+03,-29.156
-1.95E+03,-32.957
-1.95E+03,-37.005
-1.95E+03,-41.29
-1.95E+03,-44.426
-1.95E+03,-47.144
-1.95E+03,-49.575
-1.95E+03,-51.088
-1.95E+03,-46.27
-1.95E+03,-42.959
-1.94E+03,-42.623
-1.94E+03,-35.193
-1.94E+03,-21.95
-1.94E+03,-14.365
-1.94E+03,-15.778
-1.94E+03,-17.204
-1.94E+03,-16.597
-1.94E+03,-15.379
-1.94E+03,-14.133
-1.94E+03,-12.734
-1.93E+03,-11.348
-1.93E+03,-11.496
-1.93E+03,-12.685
-1.93E+03,-13.863
-1.93E+03,-13.263
-1.93E+03,-12.666
-1.93E+03,-12.492
-1.93E+03,-12.89
-1.93E+03,-13.288
-1.93E+03,-15.887
-1.92E+03,-18.958
-1.92E+03,-21.552
-1.92E+03,-22.604
-1.92E+03,-23.662
-1.92E+03,-23.164
-1.92E+03,-21.898
-1.92E+03,-20.85
-1.92E+03,-22.107
-1.92E+03,-23.374
-1.92E+03,-25.181
-1.91E+03,-27.551
-1.91E+03,-29.95
-1.91E+03,-30.163
-1.91E+03,-30.163
-1.91E+03,-30.307
-1.91E+03,-30.747
-1.91E+03,-31.188
-1.91E+03,-34.272
-1.91E+03,-38.351
-1.91E+03,-41.572
-1.90E+03,-39.721
-1.90E+03,-37.886
-1.90E+03,-38.271
-1.90E+03,-40.34
-1.90E+03,-42.43
-1.90E+03,-35.019
-1.90E+03,-27.723
-1.90E+03,-23.888
-1.90E+03,-24.954
-1.90E+03,-26.026
-1.89E+03,-23.966
-1.89E+03,-21.224
-1.89E+03,-19.463
-1.89E+03,-20.92
-1.89E+03,-22.389
-1.89E+03,-21.702
-1.89E+03,-19.822
-1.89E+03,-18.253
-1.89E+03,-21.577
-1.89E+03,-24.965
-1.88E+03,-26.176
-1.88E+03,-24.889
-1.88E+03,-23.612
-1.88E+03,-24.973
-1.88E+03,-26.691
-1.88E+03,-27.644
-1.88E+03,-26.778
-1.88E+03,-25.917
-1.88E+03,-27.365
-1.88E+03,-29.762
-1.87E+03,-31.847
-1.87E+03,-31.625
-1.87E+03,-31.404
-1.87E+03,-32.749
-1.87E+03,-35.439
-1.87E+03,-38.165
-1.87E+03,-38.72
-1.87E+03,-39.179
-1.87E+03,-41.109
-1.87E+03,-45.584
-1.86E+03,-50.151
-1.86E+03,-51.681
-1.86E+03,-52.443
-1.86E+03,-50.493
-1.86E+03,-43.043
-1.86E+03,-35.839
-1.86E+03,-29.848
-1.86E+03,-24.207
-1.86E+03,-20.1
-1.86E+03,-18.371
-1.85E+03,-16.66
-1.85E+03,-17.434
-1.85E+03,-18.507
-1.85E+03,-19.224
-1.85E+03,-19.44
-1.85E+03,-19.657
-1.85E+03,-23.38
-1.85E+03,-27.406
-1.85E+03,-27.586
-1.85E+03,-23.334
-1.84E+03,-19.181
-1.84E+03,-18.282
-1.84E+03,-17.425
-1.84E+03,-17.008
-1.84E+03,-17.008
-1.84E+03,-17.008
-1.84E+03,-17.008
-1.84E+03,-17.008
-1.84E+03,-18.324
-1.84E+03,-20.705
-1.83E+03,-22.827
-1.83E+03,-21.728
-1.83E+03,-20.636
-1.83E+03,-17.464
-1.83E+03,-13.034
-1.83E+03,-9.88
-1.83E+03,-14.643
-1.83E+03,-19.549
-1.83E+03,-22.288
-1.83E+03,-23.834
-1.82E+03,-25.157
-1.82E+03,-25.38
-1.82E+03,-25.604
-1.82E+03,-27.088
-1.82E+03,-29.131
-1.82E+03,-31.556
-1.82E+03,-35.288
-1.82E+03,-39.09
-1.82E+03,-33.511
-1.82E+03,-25.063
-1.81E+03,-19.543
-1.81E+03,-21.065
-1.81E+03,-22.6
-1.81E+03,-20.138
-1.81E+03,-16.697
-1.81E+03,-15.323
-1.81E+03,-18.305
-1.81E+03,-21.34
-1.81E+03,-22.198
-1.81E+03,-22.638
-1.80E+03,-23.885
-1.80E+03,-26.567
-1.80E+03,-29.288
-1.80E+03,-32.666
-1.80E+03,-36.182
-1.80E+03,-37.693
-1.80E+03,-36.269
-1.80E+03,-34.854
-1.80E+03,-39.199
-1.80E+03,-44.052
-1.79E+03,-46.386
-1.79E+03,-45.643
-1.79E+03,-44.903
-1.79E+03,-43.204
-1.79E+03,-41.499
-1.79E+03,-38.959
-1.79E+03,-35.631
-1.79E+03,-32.396
-1.79E+03,-30.548
-1.79E+03,-28.718
-1.78E+03,-28.28
-1.78E+03,-28.963
-1.78E+03,-29.337
-1.78E+03,-25.941
-1.78E+03,-22.606
-1.78E+03,-20.242
-1.78E+03,-18.512
-1.78E+03,-16.904
-1.78E+03,-16.053
-1.78E+03,-15.208
-1.77E+03,-12.882
-1.77E+03,-9.794
-1.77E+03,-7.616
-1.77E+03,-9.639
-1.77E+03,-11.688
-1.77E+03,-12.898
-1.77E+03,-13.732
-1.77E+03,-14.252
-1.77E+03,-13.625
-1.77E+03,-12.999
-1.76E+03,-15.005
-1.76E+03,-17.981
-1.76E+03,-19.635
-1.76E+03,-17.483
-1.76E+03,-15.358
-1.76E+03,-19.956
-1.76E+03,-26.587
-1.76E+03,-30.659
-1.76E+03,-28.6
-1.76E+03,-26.563
-1.75E+03,-28.3
-1.75E+03,-30.815
-1.75E+03,-35.038
-1.75E+03,-42.458
-1.75E+03,-50.14
-1.75E+03,-52.189
-1.75E+03,-53.464
-1.75E+03,-53.398
-1.75E+03,-51.363
-1.75E+03,-49.345
-1.74E+03,-39.179
-1.74E+03,-28.888
-1.74E+03,-23.665
-1.74E+03,-24.109
-1.74E+03,-24.554
-1.74E+03,-22.193
-1.74E+03,-19.792
-1.74E+03,-18.6
-1.74E+03,-18.6
-1.74E+03,-18.722
-1.73E+03,-24.415
-1.73E+03,-30.292
-1.73E+03,-31.508
-1.73E+03,-28.755
-1.73E+03,-26.32
-1.73E+03,-27.674
-1.73E+03,-29.037
-1.73E+03,-29.461
-1.73E+03,-29.232
-1.73E+03,-28.846
-1.72E+03,-27.257
-1.72E+03,-25.682
-1.72E+03,-22.284
-1.72E+03,-17.941
-1.72E+03,-14.559
-1.72E+03,-15.613
-1.72E+03,-16.674
-1.72E+03,-20.856
-1.72E+03,-26.618
-1.72E+03,-31.448
-1.71E+03,-32.142
-1.71E+03,-32.839
-1.71E+03,-34.223
-1.71E+03,-35.869
-1.71E+03,-38.57
-1.71E+03,-44.389
-1.71E+03,-50.365
-1.71E+03,-50.712
-1.71E+03,-49.452
-1.71E+03,-48.807
-1.70E+03,-49.56
-1.70E+03,-50.316
-1.70E+03,-49.197
-1.70E+03,-47.696
-1.70E+03,-43.958
-1.70E+03,-36.25
-1.70E+03,-28.82
-1.70E+03,-28.897
-1.70E+03,-30.04
-1.70E+03,-30.093
-1.69E+03,-28.494
-1.69E+03,-26.909
-1.69E+03,-26.163
-1.69E+03,-25.49
-1.69E+03,-25.316
-1.69E+03,-25.764
-1.69E+03,-26.213
-1.69E+03,-22.993
-1.69E+03,-19.712
-1.69E+03,-17.857
-1.68E+03,-17.429
-1.68E+03,-17.034
-1.68E+03,-18.749
-1.68E+03,-20.481
-1.68E+03,-22.112
-1.68E+03,-23.657
-1.68E+03,-24.882
-1.68E+03,-21.13
-1.68E+03,-17.455
-1.68E+03,-19.846
-1.67E+03,-26.698
-1.67E+03,-33.076
-1.67E+03,-33.542
-1.67E+03,-34.009
-1.67E+03,-34.626
-1.67E+03,-35.331
-1.67E+03,-36.74
-1.67E+03,-42.022
-1.67E+03,-47.436
-1.67E+03,-48.349
-1.66E+03,-47.102
-1.66E+03,-46.364
-1.66E+03,-47.607
-1.66E+03,-48.857
-1.66E+03,-48.835
-1.66E+03,-48.335
-1.66E+03,-49.023
-1.66E+03,-53.326
-1.66E+03,-57.708
-1.66E+03,-58.107
-1.65E+03,-57.327
-1.65E+03,-56.242
-1.65E+03,-54.439
-1.65E+03,-52.649
-1.65E+03,-52.12
-1.65E+03,-51.866
-1.65E+03,-50.655
-1.65E+03,-47.644
-1.65E+03,-44.672
-1.65E+03,-40.689
-1.64E+03,-36.621
-1.64E+03,-32.36
-1.64E+03,-27.774
-1.64E+03,-23.297
-1.64E+03,-21.312
-1.64E+03,-19.571
-1.64E+03,-18.224
-1.64E+03,-17.367
-1.64E+03,-16.514
-1.64E+03,-16.685
-1.63E+03,-16.898
-1.63E+03,-16.802
-1.63E+03,-16.376
-1.63E+03,-16.035
-1.63E+03,-26.075
-1.63E+03,-36.69
-1.63E+03,-38.656
-1.63E+03,-32.759
-1.63E+03,-27.244
-1.63E+03,-25.445
-1.62E+03,-23.664
-1.62E+03,-22.536
-1.62E+03,-21.876
-1.62E+03,-21.845
-1.62E+03,-27.414
-1.62E+03,-33.152
-1.62E+03,-34.463
-1.62E+03,-33.061
-1.62E+03,-32.013
-1.62E+03,-32.942
-1.61E+03,-33.875
-1.61E+03,-30.747
-1.61E+03,-25.75
-1.61E+03,-21.829
-1.61E+03,-21.829
-1.61E+03,-21.829
-1.61E+03,-20.101
-1.61E+03,-17.729
-1.61E+03,-15.031
-1.61E+03,-11.283
-1.60E+03,-7.622
-1.60E+03,-9.251
-1.60E+03,-12.535
-1.60E+03,-15.398
-1.60E+03,-17.096
-1.60E+03,-18.812
-1.60E+03,-20.899
-1.60E+03,-23.095
-1.60E+03,-25.694
-1.60E+03,-29.086
-1.59E+03,-32.538
-1.59E+03,-30.241
-1.59E+03,-27.054
-1.59E+03,-24.604
-1.59E+03,-23.272
-1.59E+03,-21.951
-1.59E+03,-24.637
-1.59E+03,-27.782
-1.59E+03,-31.478
-1.59E+03,-35.916
-1.58E+03,-40.452
-1.58E+03,-40.661
-1.58E+03,-40.661
-1.58E+03,-42.865
-1.58E+03,-47.551
-1.58E+03,-52.331
-1.58E+03,-53.862
-1.58E+03,-55.403
-1.58E+03,-55.191
-1.58E+03,-53.396
-1.57E+03,-51.308
-1.57E+03,-43.342
-1.57E+03,-35.656
-1.57E+03,-30.863
-1.57E+03,-28.12
-1.57E+03,-25.309
-1.57E+03,-21.547
-1.57E+03,-17.864
-1.57E+03,-16.744
-1.57E+03,-17.171
-1.56E+03,-18.086
-1.56E+03,-21.993
-1.56E+03,-25.988
-1.56E+03,-27.795
-1.56E+03,-28.476
-1.56E+03,-28.729
-1.56E+03,-27.141
-1.56E+03,-25.567
-1.56E+03,-24.482
-1.56E+03,-23.594
-1.55E+03,-23.649
-1.55E+03,-26.778
-1.55E+03,-29.96
-1.55E+03,-33.372
-1.55E+03,-36.901
-1.55E+03,-40.149
-1.55E+03,-42.573
-1.55E+03,-45.023
-1.55E+03,-50.129
-1.55E+03,-55.997
-1.54E+03,-60.703
-1.54E+03,-62.817
-1.54E+03,-64.948
-1.54E+03,-64.577
-1.54E+03,-63.777
-1.54E+03,-63.882
-1.54E+03,-65.485
-1.54E+03,-67.099
-1.54E+03,-62.204
-1.54E+03,-56.705
-1.53E+03,-51.004
-1.53E+03,-45.011
-1.53E+03,-39.176
-1.53E+03,-37.291
-1.53E+03,-35.633
-1.53E+03,-32.672
-1.53E+03,-28.305
-1.53E+03,-24.038
-1.53E+03,-23.353
-1.53E+03,-22.691
-1.52E+03,-22.031
-1.52E+03,-21.374
-1.52E+03,-20.881
-1.52E+03,-24.184
-1.52E+03,-27.548
-1.52E+03,-27.746
-1.52E+03,-25.494
-1.52E+03,-23.563
-1.52E+03,-24.674
-1.52E+03,-25.792
-1.51E+03,-30.117
-1.51E+03,-36.646
-1.51E+03,-42.892
-1.51E+03,-46.088
-1.51E+03,-49.33
-1.51E+03,-50.613
-1.51E+03,-50.865
-1.51E+03,-51.673
-1.51E+03,-54.994
-1.51E+03,-58.36
-1.50E+03,-57.885
-1.50E+03,-55.812
-1.50E+03,-54.447
-1.50E+03,-55.411
-1.50E+03,-57.102
-1.50E+03,-61.024
-1.50E+03,-61.196
-1.50E+03,-51.183
-1.50E+03,-41.849
-1.50E+03,-33.552
-1.49E+03,-25.78
-1.49E+03,-18.767
-1.49E+03,-13.231
-1.49E+03,-10.947
-1.49E+03,-9.275
-1.49E+03,-9.275
-1.49E+03,-10.176
-1.49E+03,-13.983
-1.49E+03,-16.254
-1.49E+03,-12.903
-1.48E+03,-10.029
-1.48E+03,-8.781
-1.48E+03,-7.911
-1.48E+03,-8.653
-1.48E+03,-8.817
-1.48E+03,-6.108
-1.48E+03,-4.093
-1.48E+03,-5.787
-1.48E+03,-7.501
-1.48E+03,-9.235
-1.47E+03,-11.273
-1.47E+03,-15.625
-1.47E+03,-20.297
-1.47E+03,-27.094
-1.47E+03,-33.864
-1.47E+03,-37.335
-1.47E+03,-41.054
-1.47E+03,-47.992
-1.47E+03,-54.676
-1.47E+03,-49.994
-1.46E+03,-45.519
-1.46E+03,-46.43
-1.46E+03,-47.354
-1.46E+03,-51.672
-1.46E+03,-56.07
-1.46E+03,-58.333
-1.46E+03,-60.583
-1.46E+03,-57.251
-1.46E+03,-53.772
-1.46E+03,-41.989
-1.45E+03,-30.388
-1.45E+03,-21.677
-1.45E+03,-13.539
-1.45E+03,-9.616
-1.45E+03,-6.159
-1.45E+03,-6.012
-1.45E+03,-6.256
-1.45E+03,-5.647
-1.45E+03,-4.919
-1.45E+03,-5.022
-1.44E+03,-5.265
-1.44E+03,-4.089
-1.44E+03,-2.653
-1.44E+03,-1.619
-1.44E+03,-0.677
-1.44E+03,-0.491
-1.44E+03,-0.491
-1.44E+03,-3.085
-1.44E+03,-6.469
-1.44E+03,-7.276
-1.43E+03,-7.276
-1.43E+03,-9.869
-1.43E+03,-13.413
-1.43E+03,-16.086
-1.43E+03,-18.444
-1.43E+03,-21.216
-1.43E+03,-24.191
-1.43E+03,-25.117
-1.43E+03,-25.117
-1.43E+03,-27.159
-1.42E+03,-30.232
-1.42E+03,-33.73
-1.42E+03,-37.491
-1.42E+03,-36.639
-1.42E+03,-33.179
-1.42E+03,-33.995
-1.42E+03,-37.469
-1.42E+03,-43.513
-1.42E+03,-51.459
-1.42E+03,-58.19
-1.41E+03,-64.012
-1.41E+03,-62.893
-1.41E+03,-56.46
-1.41E+03,-49.687
-1.41E+03,-42.696
-1.41E+03,-39.468
-1.41E+03,-39.468
-1.41E+03,-36.045
-1.41E+03,-29.485
-1.41E+03,-24.745
-1.40E+03,-21.761
-1.40E+03,-19.327
-1.40E+03,-17.48
-1.40E+03,-15.654
-1.40E+03,-13.847
-1.40E+03,-13.394
-1.40E+03,-14.679
-1.40E+03,-17.172
-1.40E+03,-21.415
-1.40E+03,-22.822
-1.39E+03,-19.87
-1.39E+03,-19.478
-1.39E+03,-23.235
-1.39E+03,-24.479
-1.39E+03,-21.231
-1.39E+03,-20.141
-1.39E+03,-23.097
-1.39E+03,-26.014
-1.39E+03,-28.788
-1.39E+03,-31.953
-1.38E+03,-35.971
-1.38E+03,-39.641
-1.38E+03,-42.313
-1.38E+03,-45.51
-1.38E+03,-50.102
-1.38E+03,-52.641
-1.38E+03,-48.92
-1.38E+03,-47.042
-1.38E+03,-51.043
-1.38E+03,-54.567
-1.37E+03,-56.147
-1.37E+03,-56.036
-1.37E+03,-49.162
-1.37E+03,-44.54
-1.37E+03,-49.42
-1.37E+03,-52.529
-1.37E+03,-46.06
-1.37E+03,-40.618
-1.37E+03,-40.322
-1.37E+03,-39.399
-1.36E+03,-34.162
-1.36E+03,-29.087
-1.36E+03,-24.388
-1.36E+03,-20.018
-1.36E+03,-17.901
-1.36E+03,-15.864
-1.36E+03,-14.57
-1.36E+03,-13.233
-1.36E+03,-10.949
-1.36E+03,-8.839
-1.35E+03,-10.841
-1.35E+03,-12.876
-1.35E+03,-15.447
-1.35E+03,-18.06
-1.35E+03,-20.181
-1.35E+03,-22.327
-1.35E+03,-27.463
-1.35E+03,-32.811
-1.35E+03,-33.575
-1.35E+03,-34.148
-1.34E+03,-39.39
-1.34E+03,-45.062
-1.34E+03,-48.885
-1.34E+03,-52.605
-1.34E+03,-50.422
-1.34E+03,-47.653
-1.34E+03,-49.795
-1.34E+03,-52.591
-1.34E+03,-52.96
-1.34E+03,-52.96
-1.33E+03,-48.476
-1.33E+03,-43.316
-1.33E+03,-43.461
-1.33E+03,-44.665
-1.33E+03,-45.629
-1.33E+03,-46.54
-1.33E+03,-44.555
-1.33E+03,-41.856
-1.33E+03,-41.029
-1.33E+03,-40.732
-1.32E+03,-39.539
-1.32E+03,-38.069
-1.32E+03,-37.907
-1.32E+03,-38.2
-1.32E+03,-33.673
-1.32E+03,-27.467
-1.32E+03,-22.98
-1.32E+03,-19.229
-1.32E+03,-20.25
-1.32E+03,-23.479
-1.31E+03,-24.201
-1.31E+03,-23.656
-1.31E+03,-22.761
-1.31E+03,-21.682
-1.31E+03,-23.845
-1.31E+03,-27.974
-1.31E+03,-31.324
-1.31E+03,-34.177
-1.31E+03,-36.551
-1.31E+03,-38.596
-1.30E+03,-41.003
-1.30E+03,-43.691
-1.30E+03,-45.058
-1.30E+03,-45.361
-1.30E+03,-46.813
-1.30E+03,-49.264
-1.30E+03,-51.255
-1.30E+03,-52.814
-1.30E+03,-49.521
-1.30E+03,-41.641
-1.29E+03,-40.545
-1.29E+03,-46.552
-1.29E+03,-52.869
-1.29E+03,-59.529
-1.29E+03,-61.966
-1.29E+03,-59.062
-1.29E+03,-53.477
-1.29E+03,-44.555
-1.29E+03,-37.895
-1.29E+03,-34.127
-1.28E+03,-29.763
-1.28E+03,-24.499
-1.28E+03,-20.383
-1.28E+03,-17.997
-1.28E+03,-17.508
-1.28E+03,-20.42
-1.28E+03,-22.739
-1.28E+03,-23.824
-1.28E+03,-25.707
-1.28E+03,-29.316
-1.27E+03,-31.618
-1.27E+03,-30.769
-1.27E+03,-30.403
-1.27E+03,-31.251
-1.27E+03,-32.404
-1.27E+03,-34.407
-1.27E+03,-35.929
-1.27E+03,-35.929
-1.27E+03,-36.261
-1.27E+03,-37.717
-1.26E+03,-39.556
-1.26E+03,-42.825
-1.26E+03,-44.337
-1.26E+03,-38.39
-1.26E+03,-33.752
-1.26E+03,-34.614
-1.26E+03,-36.293
-1.26E+03,-42.479
-1.26E+03,-48.635
-1.26E+03,-53.604
-1.25E+03,-57.99
-1.25E+03,-57.352
-1.25E+03,-56.972
-1.25E+03,-58.889
-1.25E+03,-60.793
-1.25E+03,-62.413
-1.25E+03,-63.391
-1.25E+03,-55.045
-1.25E+03,-46.99
-1.25E+03,-39.492
-1.24E+03,-32.148
-1.24E+03,-21.637
-1.24E+03,-11.777
-1.24E+03,-8.27
-1.24E+03,-4.844
-1.24E+03,-5.295
-1.24E+03,-5.781
-1.24E+03,-6.507
-1.24E+03,-7.243
-1.24E+03,-6.34
-1.23E+03,-5.366
-1.23E+03,-6.903
-1.23E+03,-8.63
-1.23E+03,-9.001
-1.23E+03,-9.25
-1.23E+03,-12.219
-1.23E+03,-15.556
-1.23E+03,-17.799
-1.23E+03,-19.915
-1.23E+03,-22.757
-1.22E+03,-25.758
-1.22E+03,-30.945
-1.22E+03,-36.68
-1.22E+03,-38.417
-1.22E+03,-39.299
-1.22E+03,-33.826
-1.22E+03,-27.061
-1.22E+03,-27.637
-1.22E+03,-30.154
-1.22E+03,-36.93
-1.21E+03,-45.244
-1.21E+03,-46.883
-1.21E+03,-46.274
-1.21E+03,-48.81
-1.21E+03,-52.529
-1.21E+03,-56.307
-1.21E+03,-60.144
-1.21E+03,-57.718
-1.21E+03,-52.665
-1.21E+03,-54.906
-1.20E+03,-60.651
-1.20E+03,-59.623
-1.20E+03,-55.162
-1.20E+03,-58.078
-1.20E+03,-65.208
-1.20E+03,-68.137
-1.20E+03,-68.469
-1.20E+03,-65.585
-1.20E+03,-60.695
-1.20E+03,-58.523
-1.19E+03,-58.203
-1.19E+03,-55.706
-1.19E+03,-51.626
-1.19E+03,-48.292
-1.19E+03,-45.547
-1.19E+03,-38.2
-1.19E+03,-27.277
-1.19E+03,-23.829
-1.19E+03,-26.599
-1.19E+03,-26.111
-1.18E+03,-22.801
-1.18E+03,-24.07
-1.18E+03,-29.376
-1.18E+03,-28.202
-1.18E+03,-21.567
-1.18E+03,-21.51
-1.18E+03,-27.021
-1.18E+03,-28.675
-1.18E+03,-26.989
-1.18E+03,-26.531
-1.17E+03,-27.09
-1.17E+03,-26.884
-1.17E+03,-26.047
-1.17E+03,-23.698
-1.17E+03,-20.162
-1.17E+03,-18.012
-1.17E+03,-16.952
-1.17E+03,-16.044
-1.17E+03,-15.257
-1.17E+03,-16.806
-1.16E+03,-20.274
-1.16E+03,-20.921
-1.16E+03,-19.305
-1.16E+03,-18.6
-1.16E+03,-18.6
-1.16E+03,-19.805
-1.16E+03,-21.968
-1.16E+03,-24.625
-1.16E+03,-27.688
-1.16E+03,-28.55
-1.15E+03,-27.706
-1.15E+03,-27.184
-1.15E+03,-26.904
-1.15E+03,-27.905
-1.15E+03,-29.882
-1.15E+03,-34.031
-1.15E+03,-39.915
-1.15E+03,-39.7
-1.15E+03,-34.984
-1.15E+03,-35.204
-1.14E+03,-39.032
-1.14E+03,-40.314
-1.14E+03,-39.717
-1.14E+03,-40.336
-1.14E+03,-41.836
-1.14E+03,-42.463
-1.14E+03,-42.463
-1.14E+03,-46.394
-1.14E+03,-53.256
-1.14E+03,-55.762
-1.13E+03,-55.123
-1.13E+03,-51.683
-1.13E+03,-46.397
-1.13E+03,-49.208
-1.13E+03,-57.762
-1.13E+03,-62.482
-1.13E+03,-64.461
-1.13E+03,-67.653
-1.13E+03,-71.703
-1.13E+03,-70.081
-1.12E+03,-64.725
-1.12E+03,-65.206
-1.12E+03,-69.557
-1.12E+03,-63.619
-1.12E+03,-51.382
-1.12E+03,-48.788
-1.12E+03,-52.23
-1.12E+03,-52.438
-1.12E+03,-50.553
-1.12E+03,-49.442
-1.11E+03,-48.82
-1.11E+03,-43.319
-1.11E+03,-34.995
-1.11E+03,-32.052
-1.11E+03,-32.339
-1.11E+03,-29.28
-1.11E+03,-24.252
-1.11E+03,-25.094
-1.11E+03,-29.577
-1.11E+03,-33.088
-1.10E+03,-35.996
-1.10E+03,-38.945
-1.10E+03,-41.936
-1.10E+03,-44.016
-1.10E+03,-45.542
-1.10E+03,-50.196
-1.10E+03,-56.85
-1.10E+03,-54.1
-1.10E+03,-45.983
-1.10E+03,-42.494
-1.09E+03,-41.59
-1.09E+03,-41.451
-1.09E+03,-41.751
-1.09E+03,-40.714
-1.09E+03,-38.924
-1.09E+03,-37.526
-1.09E+03,-36.35
-1.09E+03,-35.554
-1.09E+03,-34.97
-1.09E+03,-31.237
-1.08E+03,-25.879
-1.08E+03,-25.978
-1.08E+03,-29.063
-1.08E+03,-26.516
-1.08E+03,-21.021
-1.08E+03,-17.921
-1.08E+03,-16.071
-1.08E+03,-14.411
-1.08E+03,-12.857
-1.08E+03,-11.319
-1.07E+03,-9.795
-1.07E+03,-5.846
-1.07E+03,-0.771
-1.07E+03,-1.099
-1.07E+03,-4.226
-1.07E+03,-5.142
-1.07E+03,-4.897
-1.07E+03,-7.263
-1.07E+03,-11.037
-1.07E+03,-15.426
-1.06E+03,-20.206
-1.06E+03,-26.978
-1.06E+03,-34.973
-1.06E+03,-40.475
-1.06E+03,-44.704
-1.06E+03,-49.225
-1.06E+03,-53.939
-1.06E+03,-53.144
-1.06E+03,-49.689
-1.06E+03,-51.321
-1.05E+03,-55.438
-1.05E+03,-57.215
-1.05E+03,-57.859
-1.05E+03,-56.098
-1.05E+03,-53.233
-1.05E+03,-54.707
-1.05E+03,-58.235
-1.05E+03,-57.81
-1.05E+03,-55.562
-1.05E+03,-58.387
-1.04E+03,-63.613
-1.04E+03,-61.854
-1.04E+03,-56.986
-1.04E+03,-57.717
-1.04E+03,-60.961
-1.04E+03,-66.782
-1.04E+03,-73.887
-1.04E+03,-71.091
-1.04E+03,-64.058
-1.04E+03,-62.653
-1.03E+03,-63.641
-1.03E+03,-57.548
-1.03E+03,-48.691
-1.03E+03,-43.33
-1.03E+03,-39.424
-1.03E+03,-36.001
-1.03E+03,-32.805
-1.03E+03,-32.484
-1.03E+03,-33.349
-1.03E+03,-28.944
-1.02E+03,-22.555
-1.02E+03,-19.407
-1.02E+03,-17.541
-1.02E+03,-21.977
-1.02E+03,-29.193
-1.02E+03,-30.283
-1.02E+03,-28.866
-1.02E+03,-27.459
-1.02E+03,-26.062
-1.02E+03,-30.937
-1.01E+03,-38.502
-1.01E+03,-43.706
-1.01E+03,-47.998
-1.01E+03,-48.975
-1.01E+03,-48.664
-1.01E+03,-50.842
-1.01E+03,-53.996
-1.01E+03,-54.862
-1.01E+03,-54.862
-1.01E+03,-56.262
-1.00E+03,-58.192
-1.00E+03,-55.65
-1.00E+03,-51.529
-1.00E+03,-45.672
-1.00E+03,-39.331
-999,-35.527
-998,-32.626
-997,-31.875
-996,-31.875
-995,-34.012
-994,-36.933
-993,-40.34
-992,-43.958
-991,-46.03
-990,-47.569
-989,-50.285
-988,-53.431
-987,-54.942
-986,-55.9
-985,-53.981
-984,-51.14
-983,-46.703
-982,-41.833
-981,-35.517
-980,-28.908
-979,-26.495
-978,-25.383
-977,-26.173
-976,-27.571
-975,-30.06
-974,-32.923
-973,-36.052
-972,-39.299
-971,-42.598
-970,-45.946
-969,-49.585
-968,-53.356
-967,-56.443
-966,-59.346
-965,-67.153
-964,-76.681
-963,-74.567
-962,-69.123
-961,-61.231
-960,-52.873
-959,-40.787
-958,-28.291
-957,-17.187
-956,-6.937
-955,-5.969
-954,-7.454
-953,-6.019
-952,-3.819
-951,-6.054
-950,-9.544
-949,-11.088
-948,-12.111
-947,-15.408
-946,-19.382
-945,-18.926
-944,-17.33
-943,-19.557
-942,-22.807
-941,-27.907
-940,-33.611
-939,-34.063
-938,-33.195
-937,-36.772
-936,-41.529
-935,-41.492
-934,-40.293
-933,-42.247
-932,-44.979
-931,-46.246
-930,-47.169
-929,-51.391
-928,-56.47
-927,-60.59
-926,-64.534
-925,-66.622
-924,-68.296
-923,-71.925
-922,-76.039
-921,-75.645
-920,-74.269
-919,-70.101
-918,-65.409
-917,-56.259
-916,-46.524
-915,-44.133
-914,-43.222
-913,-44.58
-912,-46.417
-911,-44.18
-910,-41.157
-909,-40.661
-908,-40.661
-907,-43.942
-906,-47.929
-905,-49.1
-904,-49.723
-903,-50.611
-902,-51.552
-901,-54.903
-900,-58.758
-899,-60.459
-898,-61.766
-897,-63.918
-896,-66.241
-895,-66.876
-894,-67.21
-893,-64.707
-892,-61.742
-891,-63.274
-890,-65.591
-889,-67.642
-888,-69.659
-887,-70.527
-886,-71.205
-885,-71.3
-884,-71.3
-883,-69.839
-882,-68.155
-881,-75.576
-880,-84.682
-879,-83.14
-878,-79.973
-877,-82.615
-876,-86.168
-875,-86.317
-874,-85.959
-873,-85.602
-872,-85.246
-871,-80.251
-870,-74.697
-869,-68.365
-868,-62.058
-867,-53.873
-866,-45.691
-865,-31.072
-864,-17.693
-863,-20.59
-862,-21.506
-861,-14.88
-860,-10.492
-859,-9.671
-858,-9.839
-857,-10.937
-856,-14.48
-855,-19.341
-854,-20.688
-853,-21.274
-852,-17.032
-851,-13.837
-850,-17.526
-849,-19.789
-848,-18.341
-847,-18.681
-846,-21.301
-845,-24.85
-844,-29.087
-843,-35.068
-842,-41.802
-841,-41.579
-840,-40.343
-839,-34.913
-838,-31.584
-837,-35.656
-836,-39.693
-835,-43.6
-834,-44.984
-833,-43.994
-832,-41.688
-831,-38.777
-830,-42.571
-829,-47.866
-828,-41.793
-827,-36.428
-826,-35.793
-825,-35.896
-824,-37.806
-823,-38.018
-822,-36.106
-821,-38.779
-820,-44.64
-819,-47.116
-818,-48.454
-817,-56.636
-816,-65.108
-815,-62.606
-814,-62.031
-813,-68.5
-812,-73.206
-811,-74.69
-810,-75.791
-809,-76.539
-808,-81.388
-807,-88.321
-806,-87.88
-805,-85.941
-804,-85.914
-803,-85.86
-802,-85.474
-801,-85.997
-800,-88.715
-799,-82.076
-798,-64.682
-797,-55.761
-796,-51.983
-795,-42.446
-794,-31.547
-793,-23.895
-792,-23.464
-791,-23.033
-790,-20.886
-789,-18.148
-788,-15.917
-787,-15.711
-786,-15.505
-785,-14.639
-784,-13.416
-783,-12.484
-782,-14.107
-781,-15.747
-780,-17.403
-779,-19.076
-778,-20.775
-777,-23.34
-776,-25.942
-775,-28.478
-774,-30.929
-773,-33.411
-772,-36.136
-771,-38.916
-770,-41.375
-769,-43.271
-768,-45.183
-767,-46.305
-766,-47.272
-765,-49.165
-764,-53.356
-763,-57.621
-762,-55.505
-761,-51.277
-760,-49.047
-759,-54.481
-758,-60.04
-757,-60.782
-756,-58.994
-755,-58.38
-754,-66.898
-753,-75.696
-752,-78.935
-751,-77.841
-750,-76.73
-749,-74.833
-748,-72.949
-747,-73.531
-746,-76.775
-745,-80.056
-744,-80.002
-743,-79.727
-742,-80.428
-741,-82.639
-740,-84.866
-739,-80.716
-738,-75.526
-737,-68.873
-736,-58.97
-735,-51.136
-734,-48.805
-733,-50.419
-732,-54.203
-731,-53.413
-730,-52.293
-729,-50.729
-728,-46.34
-727,-43.588
-726,-48.94
-725,-51.072
-724,-51.088
-723,-57.416
-722,-63.258
-721,-68.226
-720,-76.335
-719,-83.864
-718,-84.305
-717,-86.812
-716,-90.85
-715,-84.841
-714,-75.83
-713,-62.42
-712,-52.358
-711,-44.406
-710,-41.394
-709,-41.095
-708,-42.97
-707,-39.523
-706,-35.974
-705,-32.721
-704,-29.78
-703,-26.837
-702,-23.051
-701,-19.871
-700,-17.216
-699,-14.9
-698,-14.781
-697,-19.388
-696,-22.426
-695,-24.529
-694,-24.186
-693,-28.342
-692,-37.309
-691,-44.296
-690,-48.084
-689,-44.264
-688,-46.179
-687,-50.416
-686,-50.027
-685,-52.034
-684,-56.784
-683,-61.61
-682,-66.527
-681,-68.568
-680,-70.585
-679,-72.617
-678,-74.664
-677,-71.388
-676,-68.025
-675,-75.497
-674,-83.506
-673,-78.705
-672,-73.542
-671,-75.975
-670,-78.74
-669,-86.261
-668,-94.198
-667,-89.081
-666,-83.382
-665,-81.081
-664,-78.988
-663,-78.537
-662,-78.19
-661,-84.722
-660,-91.893
-659,-93.079
-658,-93.808
-657,-91.175
-656,-88.293
-655,-89.383
-654,-90.825
-653,-89.959
-652,-88.88
-651,-87.478
-650,-86.051
-649,-88.174
-648,-90.693
-647,-99.512
-646,-109.307
-645,-103.25
-644,-95.456
-643,-101.16
-642,-108.706
-641,-107.244
-640,-104.595
-639,-108.263
-638,-112.865
-637,-114.469
-636,-115.634
-635,-113.434
-634,-110.738
-633,-106.751
-632,-102.603
-631,-93.468
-630,-83.778
-629,-72.937
-628,-62.259
-627,-54.678
-626,-47.799
-625,-39.579
-624,-31.387
-623,-26.577
-622,-22.43
-621,-18.833
-620,-15.388
-619,-14.685
-618,-14.424
-617,-13.713
-616,-12.936
-615,-19.967
-614,-28.524
-613,-29.596
-612,-29.596
-611,-28.844
-610,-27.997
-609,-32.985
-608,-38.851
-607,-42.159
-606,-45.202
-605,-42.749
-604,-40.825
-603,-30.55
-602,-34.316
-601,-34.229
-600,-35.252
-599,-40.252
-598,-42.331
-597,-45.287
-596,-46.645
-595,-45.578
-594,-52.501
-593,-48.244
-592,-52.089
-591,-61.463
-590,-60.722
-589,-59.418
-588,-49.617
-587,-41.563
-586,-24.074
-585,-17.215
-584,-13.459
-583,-12.35
-582,-11.324
-581,-7.844
-580,-25.348
-579,-21.347
-578,-18.103
-577,-34.625
-576,-35.923
-575,-39.462
-574,-41.255
-573,-37.669
-572,-33.069
-571,-38.906
-570,-41.994
-569,-51.668
-568,-49.91
-567,-54.123
-566,-49.871
-565,-51.847
-564,-56.987
-563,-63.373
-562,-65.567
-561,-56.886
-560,-59.853
-559,-70.817
-558,-74.468
-557,-70.129
-556,-73.46
-555,-75.483
-554,-76.693
-553,-75.309
-552,-73.646
-551,-68.746
-550,-70.571
-549,-69.946
-548,-70.223
-547,-73.517
-546,-75.097
-545,-72.352
-544,-75.374
-543,-69.386
-542,-74.978
-541,-59.225
-540,-56.967
-539,-47.282
-538,-41.25
-537,-36.855
-536,-39.61
-535,-40.15
-534,-36.808
-533,-38.95
-532,-39.077
-531,-35.805
-530,-32.092
-529,-36.688
-528,-34.432
-527,-36.273
-526,-38.37
-525,-39.876
-524,-44.451
-523,-39.347
-522,-42.742
-521,-47.343
-520,-48.908
-519,-56.449
-518,-53.087
-517,-45.76
-516,-48.921
-515,-46.016
-514,-48.389
-513,-37.999
-512,-40.122
-511,-33.593
-510,-34.764
-509,-29.473
-508,-27.129
-507,-29.174
-506,-30.784
-505,-27.627
-504,-28.999
-503,-24.742
-502,-31.303
-501,-31.303
-500,-29.858
-499,-23.957
-498,-18.18
-497,-12.672
-496,-16.196
-495,-19.521
-494,-23.053
-493,-25.677
-492,-28.06
-491,-29.87
-490,-31.709
-489,-40.099
-488,-44.454
-487,-50.85
-486,-48.579
-485,-50.303
-484,-55.756
-483,-58.615
-482,-60.941
-481,-64.043
-480,-65.343
-479,-63.159
-478,-59.949
-477,-58.334
-476,-65.587
-475,-71.296
-474,-66.503
-473,-69.696
-472,-72.995
-471,-75.286
-470,-73.002
-469,-80.961
-468,-80.498
-467,-78.864
-466,-79.108
-465,-80.461
-464,-78.68
-463,-82.124
-462,-76.562
-461,-71.76
-460,-79.269
-459,-81.72
-458,-85.621
-457,-83.205
-456,-90.418
-455,-90.573
-454,-85.414
-453,-82.13
-452,-98.592
-451,-100.188
-450,-98.633
-449,-104.23
-448,-106.248
-447,-100.143
-446,-94.873
-445,-97.389
-444,-97.133
-443,-107.248
-442,-113.415
-441,-113.053
-440,-115.789
-439,-114.808
-438,-113.455
-437,-111.152
-436,-105.785
-435,-96.651
-434,-75.901
-433,-65.769
-432,-67.376
-431,-49.27
-430,-39.156
-429,-40.3
-428,-35.343
-427,-30.542
-426,-28.747
-425,-29.034
-424,-23.895
-423,-16.225
-422,-12.81
-421,-8.773
-420,-8.591
-419,-7.004
-418,-3.807
-417,-2.882
-416,3.388
-415,0.75
-414,2.472
-413,1.249
-412,1.651
-411,4.575
-410,2.65
-409,2.907
-408,3.136
-407,1.987
-406,-1.603
-405,-8.163
-404,-13.696
-403,-13.967
-402,-16.473
-401,-25.82
-400,-29.821
-399,-35.697
-398,-34.235
-397,-39.732
-396,-41.007
-395,-38.611
-394,-34.799
-393,-36.477
-392,-40.395
-391,-42.272
-390,-48.717
-389,-46.814
-388,-48.003
-387,-45.454
-386,-48.472
-385,-52.053
-384,-52.205
-383,-52.399
-382,-53.284
-381,-53.891
-380,-53.954
-379,-57.045
-378,-61.494
-377,-61.918
-376,-65.331
-375,-59.332
-374,-64.17
-373,-65.438
-372,-66.411
-371,-64.44
-370,-61.367
-369,-70.279
-368,-64.458
-367,-73.989
-366,-73.677
-365,-73.343
-364,-75.406
-363,-73.65
-362,-76.786
-361,-77.559
-360,-73.173
-359,-75.421
-358,-73.021
-357,-68.729
-356,-71.3
-355,-75.618
-354,-83.773
-353,-84.182
-352,-79.434
-351,-73.212
-350,-77.058
-349,-86.84
-348,-93.698
-347,-91.772
-346,-94.569
-345,-96.69
-344,-97.474
-343,-82.553
-342,-70.087
-341,-55.189
-340,-54.495
-339,-48.937
-338,-32.909
-337,-18.107
-336,-9.511
-335,-7.598
-334,-4.613
-333,-3.182
-332,-0.069
-331,0.698
-330,0.27
-329,0.168
-328,-2.289
-327,-1.014
-326,-6.355
-325,-13.585
-324,-14.909
-323,-18.75
-322,-19.444
-321,-22.817
-320,-31.298
-319,-28.687
-318,-21.47
-317,-23.869
-316,-25.635
-315,-26.232
-314,-26.538
-313,-26.707
-312,-31.23
-311,-32.754
-310,-36.49
-309,-42.634
-308,-44.827
-307,-45.5
-306,-43.649
-305,-42.802
-304,-44.889
-303,-43.886
-302,-47.65
-301,-53.983
-300,-54.906
-299,-58.274
-298,-57.422
-297,-61.139
-296,-59.383
-295,-55.988
-294,-54.526
-293,-47.751
-292,-46.528
-291,-44.102
-290,-40
-289,-33.51
-288,-31.076
-287,-32.212
-286,-33.19
-285,-35.384
-284,-43.822
-283,-53.055
-282,-51.267
-281,-56.776
-280,-62.717
-279,-67.07
-278,-61.193
-277,-65.262
-276,-66.109
-275,-69.272
-274,-70.072
-273,-73.473
-272,-74.152
-271,-72.433
-270,-63.843
-269,-73.343
-268,-72.715
-267,-69.076
-266,-68.3
-265,-70.534
-264,-70.531
-263,-74.234
-262,-71.064
-261,-74.643
-260,-74.285
-259,-76.062
-258,-68.28
-257,-65.552
-256,-77.943
-255,-75.144
-254,-82.193
-253,-78.628
-252,-73.009
-251,-63.975
-250,-65.169
-249,-60.717
-248,-65.189
-247,-51.728
-246,-44.374
-245,-28.834
-244,-23.112
-243,-15.774
-242,-10.579
-241,-10.284
-240,-13.577
-239,-11.999
-238,-20.766
-237,-24.249
-236,-30.939
-235,-38.409
-234,-49.841
-233,-54.354
-232,-59.12
-231,-45.567
-230,-50.888
-229,-52.96
-228,-57.96
-227,-58.859
-226,-64.184
-225,-68.431
-224,-66.305
-223,-58.126
-222,-44.344
-221,-38.389
-220,-28.889
-219,-16.289
-218,-14.053
-217,-15.253
-216,-16.111
-215,-19.525
-214,-19.937
-213,-18.806
-212,-17.639
-211,-19.209
-210,-22.951
-209,-26.774
-208,-28.153
-207,-29.444
-206,-29.517
-205,-23.52
-204,-19.683
-203,-17.532
-202,-14.909
-201,-15.91
-200,-23.288
-199,-28.666
-198,-28.216
-197,-32.966
-196,-34.209
-195,-33.767
-194,-32.802
-193,-35.55
-192,-52.738
-191,-61.324
-190,-67.579
-189,-69.234
-188,-68.143
-187,-73.918
-186,-75.492
-185,-65.998
-184,-66.691
-183,-71.605
-182,-69.377
-181,-67.44
-180,-71.324
-179,-69.582
-178,-69.59
-177,-64.964
-176,-60.801
-175,-59.907
-174,-66.182
-173,-71.39
-172,-75.09
-171,-73.343
-170,-73.168
-169,-71.425
-168,-67.752
-167,-73.26
-166,-85.914
-165,-86.016
-164,-87.172
-163,-84.456
-162,-83.887
-161,-86.573
-160,-84.522
-159,-86.641
-158,-90.197
-157,-93.077
-156,-74.59
-155,-84.047
-154,-81.813
-153,-82.983
-152,-84.383
-151,-90.382
-150,-90.949
-149,-88.377
-148,-95.088
-147,-92.885
-146,-90.537
-145,-95.155
-144,-93.618
-143,-91.336
-142,-94.499
-141,-105.483
-140,-101.508
-139,-100.932
-138,-96.144
-137,-95.705
-136,-98.265
-135,-90.432
-134,-72.725
-133,-57.486
-132,-36.673
-131,-24.489
-130,-31.886
-129,-27.143
-128,-10.674
-127,1.17
-126,3.976
-125,-0.795
-124,4.696
-123,2.871
-122,-0.93
-121,-1.861
-120,-3.21
-119,-9.671
-118,-15.061
-117,-17.42
-116,-24.282
-115,-30.029
-114,-37.045
-113,-43.062
-112,-42.492
-111,-43.864
-110,-48.545
-109,-47.654
-108,-43.463
-107,-40.341
-106,-32.925
-105,-36.2
-104,-34.008
-103,-33.598
-102,-35.349
-101,-29.828
-100,-29.909
-99,-34.414
-98,-30.19
-97,-27.075
-96,-28.991
-95,-32.88
-94,-36.783
-93,-41.029
-92,-43.683
-91,-45.322
-90,-46.795
-89,-49.636
-88,-49.312
-87,-42.106
-86,-34.977
-85,-30.988
-84,-30.508
-83,-30.141
-82,-33.008
-81,-39.872
-80,-44.28
-79,-45.274
-78,-45.428
-77,-41.065
-76,-41.096
-75,-50.528
-74,-54.706
-73,-54.632
-72,-59.06
-71,-67.957
-70,-68.985
-69,-68.87
-68,-75.619
-67,-73.621
-66,-65.94
-65,-72.652
-64,-79.183
-63,-75.29
-62,-79.074
-61,-70.581
-60,-72.018
-59,-69.17
-58,-63.942
-57,-60.946
-56,-64.825
-55,-68.956
-54,-61.19
-53,-61.905
-52,-62.601
-51,-70.498
-50,-69.945
-49,-65.241
-48,-63.875
-47,-62.435
-46,-71.893
-45,-70.837
-44,-73.407
-43,-74.33
-42,-76.78
-41,-75.407
-40,-67.788
-39,-70.505
-38,-71.1
-37,-76.798
-36,-79.406
-35,-79.193
-34,-80.614
-33,-81.664
-32,-83.869
-31,-89.935
-30,-90.949
-29,-89.034
-28,-88.929
-27,-95.799
-26,-96.725
-25,-99.614
-24,-101.437
-23,-105.336
-22,-107.822
-21,-108.638
-20,-106.073
-19,-95.805
-18,-81.58
-17,-65.311
-16,-51.202
-15,-40.789
-14,-30.023
-13,-17.819
-12,-14.275
-11,-8.339
-10,-8.631
-9,-7.993
-8,-6.102
-7,-4.216
-6,-1.455
-5,-3.049
-4,-3.034
-3,-0.234
-2,1.537
-1,-0.018
0,-0.018